ID	Species	Source	hsapiens_homolog_ensembl_gene_id
AAR2	S. cerevisiae	OGEE v3	ENSG00000131043
ABD1	S. cerevisiae	OGEE v3	ENSG00000101654
ACS2	S. cerevisiae	OGEE v3	ENSG00000173124
ACS2	S. cerevisiae	OGEE v3	ENSG00000066813
ACS2	S. cerevisiae	OGEE v3	ENSG00000183747
ACT1	S. cerevisiae	OGEE v3	ENSG00000075624
ACT1	S. cerevisiae	OGEE v3	ENSG00000184009
ADE13	S. cerevisiae	OGEE v3	ENSG00000239900
AFG2	S. cerevisiae	OGEE v3	ENSG00000145375
ALA1	S. cerevisiae	OGEE v3	ENSG00000090861
ALG1	S. cerevisiae	OGEE v3	ENSG00000251287
ALG1	S. cerevisiae	OGEE v3	ENSG00000189366
ALG1	S. cerevisiae	OGEE v3	ENSG00000033011
ALG14	S. cerevisiae	OGEE v3	ENSG00000172339
ALG2	S. cerevisiae	OGEE v3	ENSG00000119523
ALG7	S. cerevisiae	OGEE v3	ENSG00000172269
ALR1	S. cerevisiae	OGEE v3	ENSG00000126953
ALR1	S. cerevisiae	OGEE v3	ENSG00000150779
APC1	S. cerevisiae	OGEE v3	ENSG00000153107
APC2	S. cerevisiae	OGEE v3	ENSG00000176248
APC5	S. cerevisiae	OGEE v3	ENSG00000089053
ARC15	S. cerevisiae	OGEE v3	ENSG00000136950
ARC15	S. cerevisiae	OGEE v3	ENSG00000162704
ARC19	S. cerevisiae	OGEE v3	ENSG00000241553
ARC35	S. cerevisiae	OGEE v3	ENSG00000163466
ATP16	S. cerevisiae	OGEE v3	ENSG00000099624
AVO1	S. cerevisiae	OGEE v3	ENSG00000119487
BCD1	S. cerevisiae	OGEE v3	ENSG00000117174
BCP1	S. cerevisiae	OGEE v3	ENSG00000107949
BDP1	S. cerevisiae	OGEE v3	ENSG00000145734
BET2	S. cerevisiae	OGEE v3	ENSG00000137955
BET3	S. cerevisiae	OGEE v3	ENSG00000054116
BET3	S. cerevisiae	OGEE v3	ENSG00000173626
BET4	S. cerevisiae	OGEE v3	ENSG00000100949
BET5	S. cerevisiae	OGEE v3	ENSG00000170043
BFR2	S. cerevisiae	OGEE v3	ENSG00000275700
BMS1	S. cerevisiae	OGEE v3	ENSG00000165733
BPL1	S. cerevisiae	OGEE v3	ENSG00000159267
BRF1	S. cerevisiae	OGEE v3	ENSG00000185024
BRN1	S. cerevisiae	OGEE v3	ENSG00000121152
BRR2	S. cerevisiae	OGEE v3	ENSG00000181381
BRX1	S. cerevisiae	OGEE v3	ENSG00000113460
CAB1	S. cerevisiae	OGEE v3	ENSG00000157881
CAB2	S. cerevisiae	OGEE v3	ENSG00000127125
CAB3	S. cerevisiae	OGEE v3	ENSG00000138621
CAB5	S. cerevisiae	OGEE v3	ENSG00000172992
CBF5	S. cerevisiae	OGEE v3	ENSG00000130826
CCA1	S. cerevisiae	OGEE v3	ENSG00000072756
CCL1	S. cerevisiae	OGEE v3	ENSG00000134480
CCL1	S. cerevisiae	OGEE v3	ENSG00000129315
CCL1	S. cerevisiae	OGEE v3	ENSG00000221978
CCL1	S. cerevisiae	OGEE v3	ENSG00000163660
CCT2	S. cerevisiae	OGEE v3	ENSG00000166226
CCT3	S. cerevisiae	OGEE v3	ENSG00000163468
CCT4	S. cerevisiae	OGEE v3	ENSG00000115484
CCT5	S. cerevisiae	OGEE v3	ENSG00000150753
CCT7	S. cerevisiae	OGEE v3	ENSG00000135624
CCT8	S. cerevisiae	OGEE v3	ENSG00000156261
CDC1	S. cerevisiae	OGEE v3	ENSG00000154889
CDC123	S. cerevisiae	OGEE v3	ENSG00000151465
CDC16	S. cerevisiae	OGEE v3	ENSG00000130177
CDC19	S. cerevisiae	OGEE v3	ENSG00000143627
CDC19	S. cerevisiae	OGEE v3	ENSG00000067225
CDC20	S. cerevisiae	OGEE v3	ENSG00000117399
CDC20	S. cerevisiae	OGEE v3	ENSG00000164287
CDC21	S. cerevisiae	OGEE v3	ENSG00000176890
CDC23	S. cerevisiae	OGEE v3	ENSG00000094880
CDC27	S. cerevisiae	OGEE v3	ENSG00000004897
CDC3	S. cerevisiae	OGEE v3	ENSG00000122545
CDC31	S. cerevisiae	OGEE v3	ENSG00000153140
CDC33	S. cerevisiae	OGEE v3	ENSG00000135930
CDC33	S. cerevisiae	OGEE v3	ENSG00000163412
CDC33	S. cerevisiae	OGEE v3	ENSG00000175766
CDC33	S. cerevisiae	OGEE v3	ENSG00000151247
CDC37	S. cerevisiae	OGEE v3	ENSG00000105401
CDC37	S. cerevisiae	OGEE v3	ENSG00000106993
CDC4	S. cerevisiae	OGEE v3	ENSG00000215529
CDC4	S. cerevisiae	OGEE v3	ENSG00000162843
CDC4	S. cerevisiae	OGEE v3	ENSG00000005448
CDC4	S. cerevisiae	OGEE v3	ENSG00000164049
CDC42	S. cerevisiae	OGEE v3	ENSG00000070831
CDC43	S. cerevisiae	OGEE v3	ENSG00000164219
CDC45	S. cerevisiae	OGEE v3	ENSG00000093009
CDC5	S. cerevisiae	OGEE v3	ENSG00000166851
CDC53	S. cerevisiae	OGEE v3	ENSG00000055130
CDC6	S. cerevisiae	OGEE v3	ENSG00000094804
CDC60	S. cerevisiae	OGEE v3	ENSG00000133706
CDC7	S. cerevisiae	OGEE v3	ENSG00000097046
CDC8	S. cerevisiae	OGEE v3	ENSG00000168393
CDC8	S. cerevisiae	OGEE v3	ENSG00000134326
CDC9	S. cerevisiae	OGEE v3	ENSG00000105486
CEF1	S. cerevisiae	OGEE v3	ENSG00000096401
CEG1	S. cerevisiae	OGEE v3	ENSG00000111880
CFD1	S. cerevisiae	OGEE v3	ENSG00000095906
CFT1	S. cerevisiae	OGEE v3	ENSG00000167986
CFT1	S. cerevisiae	OGEE v3	ENSG00000071894
CFT1	S. cerevisiae	OGEE v3	ENSG00000189091
CFT2	S. cerevisiae	OGEE v3	ENSG00000165934
CIA1	S. cerevisiae	OGEE v3	ENSG00000144021
CIA2	S. cerevisiae	OGEE v3	ENSG00000166797
CIA2	S. cerevisiae	OGEE v3	ENSG00000166595
CLF1	S. cerevisiae	OGEE v3	ENSG00000101343
CLP1	S. cerevisiae	OGEE v3	ENSG00000172409
COF1	S. cerevisiae	OGEE v3	ENSG00000172757
COF1	S. cerevisiae	OGEE v3	ENSG00000125868
COF1	S. cerevisiae	OGEE v3	ENSG00000165410
COG4	S. cerevisiae	OGEE v3	ENSG00000103051
COG4	S. cerevisiae	OGEE v3	ENSG00000177692
COP1	S. cerevisiae	OGEE v3	ENSG00000122218
CRM1	S. cerevisiae	OGEE v3	ENSG00000082898
CSE1	S. cerevisiae	OGEE v3	ENSG00000124207
CSE4	S. cerevisiae	OGEE v3	ENSG00000183598
CSE4	S. cerevisiae	OGEE v3	ENSG00000203811
CSE4	S. cerevisiae	OGEE v3	ENSG00000203852
CSE4	S. cerevisiae	OGEE v3	ENSG00000168148
CSE4	S. cerevisiae	OGEE v3	ENSG00000268799
CSE4	S. cerevisiae	OGEE v3	ENSG00000269466
CSE4	S. cerevisiae	OGEE v3	ENSG00000115163
CSL4	S. cerevisiae	OGEE v3	ENSG00000171311
CTR86	S. cerevisiae	OGEE v3	ENSG00000130638
CUS1	S. cerevisiae	OGEE v3	ENSG00000087365
CWC2	S. cerevisiae	OGEE v3	ENSG00000086589
CWC22	S. cerevisiae	OGEE v3	ENSG00000163510
CWC24	S. cerevisiae	OGEE v3	ENSG00000139797
CWC24	S. cerevisiae	OGEE v3	ENSG00000125352
CWC25	S. cerevisiae	OGEE v3	ENSG00000273559
CYR1	S. cerevisiae	OGEE v3	ENSG00000206422
DBF4	S. cerevisiae	OGEE v3	ENSG00000006634
DBF4	S. cerevisiae	OGEE v3	ENSG00000161692
DBP10	S. cerevisiae	OGEE v3	ENSG00000123064
DBP6	S. cerevisiae	OGEE v3	ENSG00000185163
DBP8	S. cerevisiae	OGEE v3	ENSG00000105671
DBP9	S. cerevisiae	OGEE v3	ENSG00000136271
DED81	S. cerevisiae	OGEE v3	ENSG00000134440
DHR2	S. cerevisiae	OGEE v3	ENSG00000005100
DIB1	S. cerevisiae	OGEE v3	ENSG00000141759
DIB1	S. cerevisiae	OGEE v3	ENSG00000140830
DIM1	S. cerevisiae	OGEE v3	ENSG00000086189
DIM1	S. cerevisiae	OGEE v3	ENSG00000162851
DIM1	S. cerevisiae	OGEE v3	ENSG00000029639
DIP2	S. cerevisiae	OGEE v3	ENSG00000065183
DIP2	S. cerevisiae	OGEE v3	ENSG00000156787
DML1	S. cerevisiae	OGEE v3	ENSG00000125459
DNA2	S. cerevisiae	OGEE v3	ENSG00000107290
DNA2	S. cerevisiae	OGEE v3	ENSG00000169551
DOP1	S. cerevisiae	OGEE v3	ENSG00000083097
DOP1	S. cerevisiae	OGEE v3	ENSG00000142197
DPB2	S. cerevisiae	OGEE v3	ENSG00000100479
DPM1	S. cerevisiae	OGEE v3	ENSG00000000419
DPS1	S. cerevisiae	OGEE v3	ENSG00000115866
DRE2	S. cerevisiae	OGEE v3	ENSG00000005194
DRS1	S. cerevisiae	OGEE v3	ENSG00000124228
DYS1	S. cerevisiae	OGEE v3	ENSG00000095059
DYS1	S. cerevisiae	OGEE v3	ENSG00000285589
EBP2	S. cerevisiae	OGEE v3	ENSG00000117395
ECM16	S. cerevisiae	OGEE v3	ENSG00000150990
ECO1	S. cerevisiae	OGEE v3	ENSG00000141446
ECO1	S. cerevisiae	OGEE v3	ENSG00000101751
ECO1	S. cerevisiae	OGEE v3	ENSG00000171320
EFB1	S. cerevisiae	OGEE v3	ENSG00000114654
EFB1	S. cerevisiae	OGEE v3	ENSG00000104529
EFB1	S. cerevisiae	OGEE v3	ENSG00000114942
EFR3	S. cerevisiae	OGEE v3	ENSG00000132294
EFR3	S. cerevisiae	OGEE v3	ENSG00000084710
EMG1	S. cerevisiae	OGEE v3	ENSG00000126749
EMW1	S. cerevisiae	OGEE v3	ENSG00000018699
ENP1	S. cerevisiae	OGEE v3	ENSG00000112578
ENP2	S. cerevisiae	OGEE v3	ENSG00000115761
EPL1	S. cerevisiae	OGEE v3	ENSG00000135999
EPL1	S. cerevisiae	OGEE v3	ENSG00000120616
ERB1	S. cerevisiae	OGEE v3	ENSG00000261236
ERD2	S. cerevisiae	OGEE v3	ENSG00000105438
ERD2	S. cerevisiae	OGEE v3	ENSG00000100196
ERD2	S. cerevisiae	OGEE v3	ENSG00000136240
ERG1	S. cerevisiae	OGEE v3	ENSG00000104549
ERG10	S. cerevisiae	OGEE v3	ENSG00000167315
ERG10	S. cerevisiae	OGEE v3	ENSG00000075239
ERG10	S. cerevisiae	OGEE v3	ENSG00000120437
ERG12	S. cerevisiae	OGEE v3	ENSG00000110921
ERG13	S. cerevisiae	OGEE v3	ENSG00000112972
ERG13	S. cerevisiae	OGEE v3	ENSG00000134240
ERG20	S. cerevisiae	OGEE v3	ENSG00000160752
ERG25	S. cerevisiae	OGEE v3	ENSG00000052802
ERG26	S. cerevisiae	OGEE v3	ENSG00000147383
ERG27	S. cerevisiae	OGEE v3	ENSG00000132196
ERG7	S. cerevisiae	OGEE v3	ENSG00000160285
ERG9	S. cerevisiae	OGEE v3	ENSG00000079459
ERO1	S. cerevisiae	OGEE v3	ENSG00000086619
ERO1	S. cerevisiae	OGEE v3	ENSG00000197930
ESA1	S. cerevisiae	OGEE v3	ENSG00000172977
ESF1	S. cerevisiae	OGEE v3	ENSG00000089048
ESF2	S. cerevisiae	OGEE v3	ENSG00000146109
ESP1	S. cerevisiae	OGEE v3	ENSG00000135476
ESS1	S. cerevisiae	OGEE v3	ENSG00000127445
EXO70	S. cerevisiae	OGEE v3	ENSG00000182473
EXO84	S. cerevisiae	OGEE v3	ENSG00000116903
FAD1	S. cerevisiae	OGEE v3	ENSG00000160688
FAL1	S. cerevisiae	OGEE v3	ENSG00000141543
FAP7	S. cerevisiae	OGEE v3	ENSG00000085231
FAS1	S. cerevisiae	OGEE v3	ENSG00000100294
FAS2	S. cerevisiae	OGEE v3	ENSG00000100294
FCF1	S. cerevisiae	OGEE v3	ENSG00000119616
FCF2	S. cerevisiae	OGEE v3	ENSG00000067334
FCP1	S. cerevisiae	OGEE v3	ENSG00000060069
FMN1	S. cerevisiae	OGEE v3	ENSG00000135002
FOL2	S. cerevisiae	OGEE v3	ENSG00000131979
FRS1	S. cerevisiae	OGEE v3	ENSG00000116120
FRS1	S. cerevisiae	OGEE v3	ENSG00000130764
FRS2	S. cerevisiae	OGEE v3	ENSG00000179115
GAA1	S. cerevisiae	OGEE v3	ENSG00000197858
GAB1	S. cerevisiae	OGEE v3	ENSG00000101464
GCD1	S. cerevisiae	OGEE v3	ENSG00000070785
GCD10	S. cerevisiae	OGEE v3	ENSG00000089195
GCD14	S. cerevisiae	OGEE v3	ENSG00000171103
GCD14	S. cerevisiae	OGEE v3	ENSG00000166166
GCD2	S. cerevisiae	OGEE v3	ENSG00000115211
GCD6	S. cerevisiae	OGEE v3	ENSG00000145191
GCD7	S. cerevisiae	OGEE v3	ENSG00000119718
GDI1	S. cerevisiae	OGEE v3	ENSG00000057608
GDI1	S. cerevisiae	OGEE v3	ENSG00000203879
GLE1	S. cerevisiae	OGEE v3	ENSG00000119392
GLN1	S. cerevisiae	OGEE v3	ENSG00000135821
GLN1	S. cerevisiae	OGEE v3	ENSG00000146166
GNA1	S. cerevisiae	OGEE v3	ENSG00000100522
GPI10	S. cerevisiae	OGEE v3	ENSG00000069943
GPI11	S. cerevisiae	OGEE v3	ENSG00000151665
GPI12	S. cerevisiae	OGEE v3	ENSG00000108474
GPI13	S. cerevisiae	OGEE v3	ENSG00000165282
GPI14	S. cerevisiae	OGEE v3	ENSG00000143315
GPI16	S. cerevisiae	OGEE v3	ENSG00000124155
GPI17	S. cerevisiae	OGEE v3	ENSG00000087111
GPI18	S. cerevisiae	OGEE v3	ENSG00000060642
GPI2	S. cerevisiae	OGEE v3	ENSG00000135845
GPI8	S. cerevisiae	OGEE v3	ENSG00000142892
GPN3	S. cerevisiae	OGEE v3	ENSG00000111231
GRC3	S. cerevisiae	OGEE v3	ENSG00000162408
GRS1	S. cerevisiae	OGEE v3	ENSG00000256525
GRS1	S. cerevisiae	OGEE v3	ENSG00000106105
GSP1	S. cerevisiae	OGEE v3	ENSG00000132341
GUK1	S. cerevisiae	OGEE v3	ENSG00000143774
GUS1	S. cerevisiae	OGEE v3	ENSG00000136628
GWT1	S. cerevisiae	OGEE v3	ENSG00000277161
HAS1	S. cerevisiae	OGEE v3	ENSG00000088205
HCA4	S. cerevisiae	OGEE v3	ENSG00000178105
HEM13	S. cerevisiae	OGEE v3	ENSG00000285635
HEM13	S. cerevisiae	OGEE v3	ENSG00000080819
HEM15	S. cerevisiae	OGEE v3	ENSG00000066926
HEM2	S. cerevisiae	OGEE v3	ENSG00000148218
HEM3	S. cerevisiae	OGEE v3	ENSG00000256269
HEM4	S. cerevisiae	OGEE v3	ENSG00000188690
HSF1	S. cerevisiae	OGEE v3	ENSG00000171116
HSF1	S. cerevisiae	OGEE v3	ENSG00000283463
HSF1	S. cerevisiae	OGEE v3	ENSG00000172468
HSF1	S. cerevisiae	OGEE v3	ENSG00000176160
HSF1	S. cerevisiae	OGEE v3	ENSG00000283697
HSF1	S. cerevisiae	OGEE v3	ENSG00000268738
HSF1	S. cerevisiae	OGEE v3	ENSG00000169953
HSH155	S. cerevisiae	OGEE v3	ENSG00000115524
HSH49	S. cerevisiae	OGEE v3	ENSG00000143368
HSP10	S. cerevisiae	OGEE v3	ENSG00000115541
HTS1	S. cerevisiae	OGEE v3	ENSG00000112855
HTS1	S. cerevisiae	OGEE v3	ENSG00000170445
HYM1	S. cerevisiae	OGEE v3	ENSG00000102547
HYM1	S. cerevisiae	OGEE v3	ENSG00000135932
IDI1	S. cerevisiae	OGEE v3	ENSG00000067064
IDI1	S. cerevisiae	OGEE v3	ENSG00000148377
ILS1	S. cerevisiae	OGEE v3	ENSG00000196305
IMP3	S. cerevisiae	OGEE v3	ENSG00000177971
IMP4	S. cerevisiae	OGEE v3	ENSG00000136718
IPI1	S. cerevisiae	OGEE v3	ENSG00000136891
IPI1	S. cerevisiae	OGEE v3	ENSG00000176623
IPI1	S. cerevisiae	OGEE v3	ENSG00000137824
IPI3	S. cerevisiae	OGEE v3	ENSG00000065268
IPP1	S. cerevisiae	OGEE v3	ENSG00000138777
IPP1	S. cerevisiae	OGEE v3	ENSG00000180817
IQG1	S. cerevisiae	OGEE v3	ENSG00000140575
IQG1	S. cerevisiae	OGEE v3	ENSG00000145703
IQG1	S. cerevisiae	OGEE v3	ENSG00000183856
IRA1	S. cerevisiae	OGEE v3	ENSG00000111344
IRA1	S. cerevisiae	OGEE v3	ENSG00000075391
IRA1	S. cerevisiae	OGEE v3	ENSG00000270249
IRA1	S. cerevisiae	OGEE v3	ENSG00000136848
IRA1	S. cerevisiae	OGEE v3	ENSG00000155903
IRA1	S. cerevisiae	OGEE v3	ENSG00000145715
IRA1	S. cerevisiae	OGEE v3	ENSG00000185989
IRA1	S. cerevisiae	OGEE v3	ENSG00000170667
IRA1	S. cerevisiae	OGEE v3	ENSG00000105808
IRA1	S. cerevisiae	OGEE v3	ENSG00000105122
IRA1	S. cerevisiae	OGEE v3	ENSG00000197283
IRR1	S. cerevisiae	OGEE v3	ENSG00000118007
IRR1	S. cerevisiae	OGEE v3	ENSG00000101972
IRR1	S. cerevisiae	OGEE v3	ENSG00000066923
JAC1	S. cerevisiae	OGEE v3	ENSG00000100209
JIP5	S. cerevisiae	OGEE v3	ENSG00000120314
JIP5	S. cerevisiae	OGEE v3	ENSG00000113141
KAP95	S. cerevisiae	OGEE v3	ENSG00000108424
KIN28	S. cerevisiae	OGEE v3	ENSG00000134058
KOG1	S. cerevisiae	OGEE v3	ENSG00000141564
KRE33	S. cerevisiae	OGEE v3	ENSG00000135372
KRE5	S. cerevisiae	OGEE v3	ENSG00000136731
KRE5	S. cerevisiae	OGEE v3	ENSG00000102595
KRI1	S. cerevisiae	OGEE v3	ENSG00000129347
KRR1	S. cerevisiae	OGEE v3	ENSG00000111615
KRS1	S. cerevisiae	OGEE v3	ENSG00000065427
KSH1	S. cerevisiae	OGEE v3	ENSG00000174695
LAS1	S. cerevisiae	OGEE v3	ENSG00000001497
LCB1	S. cerevisiae	OGEE v3	ENSG00000090054
LCP5	S. cerevisiae	OGEE v3	ENSG00000129460
LSM2	S. cerevisiae	OGEE v3	ENSG00000204392
LSM4	S. cerevisiae	OGEE v3	ENSG00000130520
LST8	S. cerevisiae	OGEE v3	ENSG00000167965
LUC7	S. cerevisiae	OGEE v3	ENSG00000146963
LUC7	S. cerevisiae	OGEE v3	ENSG00000269955
LUC7	S. cerevisiae	OGEE v3	ENSG00000108848
LUC7	S. cerevisiae	OGEE v3	ENSG00000007392
MAK16	S. cerevisiae	OGEE v3	ENSG00000198042
MAK21	S. cerevisiae	OGEE v3	ENSG00000115816
MAK5	S. cerevisiae	OGEE v3	ENSG00000089737
MAS1	S. cerevisiae	OGEE v3	ENSG00000105819
MAS2	S. cerevisiae	OGEE v3	ENSG00000165688
MCD1	S. cerevisiae	OGEE v3	ENSG00000164754
MCD1	S. cerevisiae	OGEE v3	ENSG00000244588
MCD1	S. cerevisiae	OGEE v3	ENSG00000100918
MCD4	S. cerevisiae	OGEE v3	ENSG00000197563
MCM1	S. cerevisiae	OGEE v3	ENSG00000112658
MCM2	S. cerevisiae	OGEE v3	ENSG00000073111
MCM3	S. cerevisiae	OGEE v3	ENSG00000112118
MCM5	S. cerevisiae	OGEE v3	ENSG00000100297
MCM6	S. cerevisiae	OGEE v3	ENSG00000076003
MCM7	S. cerevisiae	OGEE v3	ENSG00000166508
MDN1	S. cerevisiae	OGEE v3	ENSG00000112159
MED6	S. cerevisiae	OGEE v3	ENSG00000133997
MES1	S. cerevisiae	OGEE v3	ENSG00000166986
MET30	S. cerevisiae	OGEE v3	ENSG00000162843
MET30	S. cerevisiae	OGEE v3	ENSG00000164049
MEX67	S. cerevisiae	OGEE v3	ENSG00000162231
MEX67	S. cerevisiae	OGEE v3	ENSG00000126952
MEX67	S. cerevisiae	OGEE v3	ENSG00000147206
MEX67	S. cerevisiae	OGEE v3	ENSG00000269405
MEX67	S. cerevisiae	OGEE v3	ENSG00000269437
MGE1	S. cerevisiae	OGEE v3	ENSG00000164284
MGE1	S. cerevisiae	OGEE v3	ENSG00000109519
MIF2	S. cerevisiae	OGEE v3	ENSG00000145241
MLC1	S. cerevisiae	OGEE v3	ENSG00000168530
MLC1	S. cerevisiae	OGEE v3	ENSG00000196465
MLC1	S. cerevisiae	OGEE v3	ENSG00000092841
MMF1	S. cerevisiae	OGEE v3	ENSG00000132541
MOB2	S. cerevisiae	OGEE v3	ENSG00000182208
MOT1	S. cerevisiae	OGEE v3	ENSG00000095564
MRD1	S. cerevisiae	OGEE v3	ENSG00000122965
MRS6	S. cerevisiae	OGEE v3	ENSG00000188419
MRS6	S. cerevisiae	OGEE v3	ENSG00000203668
MSL5	S. cerevisiae	OGEE v3	ENSG00000168066
MTR10	S. cerevisiae	OGEE v3	ENSG00000064419
MTR3	S. cerevisiae	OGEE v3	ENSG00000223496
MTR4	S. cerevisiae	OGEE v3	ENSG00000039123
MVD1	S. cerevisiae	OGEE v3	ENSG00000167508
NAB2	S. cerevisiae	OGEE v3	ENSG00000100722
NAR1	S. cerevisiae	OGEE v3	ENSG00000103245
NAR1	S. cerevisiae	OGEE v3	ENSG00000023228
NAR1	S. cerevisiae	OGEE v3	ENSG00000141562
NAT2	S. cerevisiae	OGEE v3	ENSG00000124098
NBP35	S. cerevisiae	OGEE v3	ENSG00000151413
NBP35	S. cerevisiae	OGEE v3	ENSG00000103274
NFS1	S. cerevisiae	OGEE v3	ENSG00000272897
NFS1	S. cerevisiae	OGEE v3	ENSG00000244005
NHP2	S. cerevisiae	OGEE v3	ENSG00000145912
NIC96	S. cerevisiae	OGEE v3	ENSG00000102900
NIP1	S. cerevisiae	OGEE v3	ENSG00000184110
NIP1	S. cerevisiae	OGEE v3	ENSG00000205609
NIP7	S. cerevisiae	OGEE v3	ENSG00000132603
NMD3	S. cerevisiae	OGEE v3	ENSG00000169251
NMT1	S. cerevisiae	OGEE v3	ENSG00000152465
NMT1	S. cerevisiae	OGEE v3	ENSG00000136448
NOB1	S. cerevisiae	OGEE v3	ENSG00000141101
NOC2	S. cerevisiae	OGEE v3	ENSG00000188976
NOC3	S. cerevisiae	OGEE v3	ENSG00000173145
NOC4	S. cerevisiae	OGEE v3	ENSG00000184967
NOG1	S. cerevisiae	OGEE v3	ENSG00000107937
NOG2	S. cerevisiae	OGEE v3	ENSG00000134697
NOP1	S. cerevisiae	OGEE v3	ENSG00000188573
NOP1	S. cerevisiae	OGEE v3	ENSG00000105202
NOP10	S. cerevisiae	OGEE v3	ENSG00000182117
NOP14	S. cerevisiae	OGEE v3	ENSG00000087269
NOP56	S. cerevisiae	OGEE v3	ENSG00000101361
NOP58	S. cerevisiae	OGEE v3	ENSG00000055044
NOP7	S. cerevisiae	OGEE v3	ENSG00000100029
NOP9	S. cerevisiae	OGEE v3	ENSG00000196943
NPA3	S. cerevisiae	OGEE v3	ENSG00000198522
NRD1	S. cerevisiae	OGEE v3	ENSG00000117616
NSA1	S. cerevisiae	OGEE v3	ENSG00000133316
NSA2	S. cerevisiae	OGEE v3	ENSG00000164346
NSE1	S. cerevisiae	OGEE v3	ENSG00000169189
NSE4	S. cerevisiae	OGEE v3	ENSG00000255150
NSP1	S. cerevisiae	OGEE v3	ENSG00000198088
NTF2	S. cerevisiae	OGEE v3	ENSG00000102898
NUF2	S. cerevisiae	OGEE v3	ENSG00000143228
NUP116	S. cerevisiae	OGEE v3	ENSG00000110713
NUP85	S. cerevisiae	OGEE v3	ENSG00000125450
NUS1	S. cerevisiae	OGEE v3	ENSG00000153989
OLE1	S. cerevisiae	OGEE v3	ENSG00000145284
ORC1	S. cerevisiae	OGEE v3	ENSG00000085840
ORC2	S. cerevisiae	OGEE v3	ENSG00000115942
ORC3	S. cerevisiae	OGEE v3	ENSG00000135336
ORC4	S. cerevisiae	OGEE v3	ENSG00000115947
ORC5	S. cerevisiae	OGEE v3	ENSG00000164815
OST1	S. cerevisiae	OGEE v3	ENSG00000163902
OST2	S. cerevisiae	OGEE v3	ENSG00000129562
PAM16	S. cerevisiae	OGEE v3	ENSG00000217930
PAP1	S. cerevisiae	OGEE v3	ENSG00000218823
PCF11	S. cerevisiae	OGEE v3	ENSG00000165494
PCM1	S. cerevisiae	OGEE v3	ENSG00000013375
PDC2	S. cerevisiae	OGEE v3	ENSG00000234616
PDC2	S. cerevisiae	OGEE v3	ENSG00000140993
PDC2	S. cerevisiae	OGEE v3	ENSG00000183340
PDC2	S. cerevisiae	OGEE v3	ENSG00000173825
PDC2	S. cerevisiae	OGEE v3	ENSG00000221944
PDC2	S. cerevisiae	OGEE v3	ENSG00000164296
PDC2	S. cerevisiae	OGEE v3	ENSG00000125817
PDC2	S. cerevisiae	OGEE v3	ENSG00000180346
PDS5	S. cerevisiae	OGEE v3	ENSG00000083642
PDS5	S. cerevisiae	OGEE v3	ENSG00000121892
PFS2	S. cerevisiae	OGEE v3	ENSG00000136709
PGA3	S. cerevisiae	OGEE v3	ENSG00000065615
PGA3	S. cerevisiae	OGEE v3	ENSG00000154814
PGA3	S. cerevisiae	OGEE v3	ENSG00000100243
PGA3	S. cerevisiae	OGEE v3	ENSG00000256407
PGA3	S. cerevisiae	OGEE v3	ENSG00000215883
PGA3	S. cerevisiae	OGEE v3	ENSG00000159348
PGA3	S. cerevisiae	OGEE v3	ENSG00000166394
PGI1	S. cerevisiae	OGEE v3	ENSG00000105220
PGK1	S. cerevisiae	OGEE v3	ENSG00000170950
PGK1	S. cerevisiae	OGEE v3	ENSG00000102144
PGS1	S. cerevisiae	OGEE v3	ENSG00000087157
PHS1	S. cerevisiae	OGEE v3	ENSG00000165996
PHS1	S. cerevisiae	OGEE v3	ENSG00000206527
PHS1	S. cerevisiae	OGEE v3	ENSG00000188921
PHS1	S. cerevisiae	OGEE v3	ENSG00000074696
PIS1	S. cerevisiae	OGEE v3	ENSG00000103502
PMI40	S. cerevisiae	OGEE v3	ENSG00000178802
POL1	S. cerevisiae	OGEE v3	ENSG00000101868
POL12	S. cerevisiae	OGEE v3	ENSG00000014138
POL12	S. cerevisiae	OGEE v3	ENSG00000285816
POL2	S. cerevisiae	OGEE v3	ENSG00000177084
POL3	S. cerevisiae	OGEE v3	ENSG00000062822
POL30	S. cerevisiae	OGEE v3	ENSG00000132646
POL31	S. cerevisiae	OGEE v3	ENSG00000106628
POL5	S. cerevisiae	OGEE v3	ENSG00000132382
POP1	S. cerevisiae	OGEE v3	ENSG00000104356
POP4	S. cerevisiae	OGEE v3	ENSG00000105171
PRE1	S. cerevisiae	OGEE v3	ENSG00000126067
PRE10	S. cerevisiae	OGEE v3	ENSG00000100567
PRE4	S. cerevisiae	OGEE v3	ENSG00000159377
PRE5	S. cerevisiae	OGEE v3	ENSG00000129084
PRE5	S. cerevisiae	OGEE v3	ENSG00000256206
PRE7	S. cerevisiae	OGEE v3	ENSG00000008018
PRE8	S. cerevisiae	OGEE v3	ENSG00000256646
PRE8	S. cerevisiae	OGEE v3	ENSG00000106588
PRI1	S. cerevisiae	OGEE v3	ENSG00000198056
PRI1	S. cerevisiae	OGEE v3	ENSG00000285625
PRI2	S. cerevisiae	OGEE v3	ENSG00000146143
PRO3	S. cerevisiae	OGEE v3	ENSG00000165555
PRO3	S. cerevisiae	OGEE v3	ENSG00000183010
PRO3	S. cerevisiae	OGEE v3	ENSG00000143811
PRO3	S. cerevisiae	OGEE v3	ENSG00000255835
PRO3	S. cerevisiae	OGEE v3	ENSG00000104524
PRP11	S. cerevisiae	OGEE v3	ENSG00000104897
PRP16	S. cerevisiae	OGEE v3	ENSG00000140829
PRP19	S. cerevisiae	OGEE v3	ENSG00000134987
PRP2	S. cerevisiae	OGEE v3	ENSG00000204560
PRP21	S. cerevisiae	OGEE v3	ENSG00000099995
PRP22	S. cerevisiae	OGEE v3	ENSG00000067596
PRP28	S. cerevisiae	OGEE v3	ENSG00000174243
PRP3	S. cerevisiae	OGEE v3	ENSG00000117360
PRP31	S. cerevisiae	OGEE v3	ENSG00000105618
PRP4	S. cerevisiae	OGEE v3	ENSG00000136875
PRP40	S. cerevisiae	OGEE v3	ENSG00000110844
PRP40	S. cerevisiae	OGEE v3	ENSG00000196504
PRP45	S. cerevisiae	OGEE v3	ENSG00000100603
PRP46	S. cerevisiae	OGEE v3	ENSG00000171566
PRP8	S. cerevisiae	OGEE v3	ENSG00000174231
PRP9	S. cerevisiae	OGEE v3	ENSG00000183431
PRP9	S. cerevisiae	OGEE v3	ENSG00000143751
PRT1	S. cerevisiae	OGEE v3	ENSG00000106263
PSA1	S. cerevisiae	OGEE v3	ENSG00000173540
PSE1	S. cerevisiae	OGEE v3	ENSG00000137040
PSF1	S. cerevisiae	OGEE v3	ENSG00000101003
PSF2	S. cerevisiae	OGEE v3	ENSG00000131153
PSF3	S. cerevisiae	OGEE v3	ENSG00000181938
PTA1	S. cerevisiae	OGEE v3	ENSG00000125755
PUP2	S. cerevisiae	OGEE v3	ENSG00000143106
PUP3	S. cerevisiae	OGEE v3	ENSG00000277791
PWP1	S. cerevisiae	OGEE v3	ENSG00000136045
PWP2	S. cerevisiae	OGEE v3	ENSG00000241945
PWP2	S. cerevisiae	OGEE v3	ENSG00000275464
QNS1	S. cerevisiae	OGEE v3	ENSG00000172890
QRI1	S. cerevisiae	OGEE v3	ENSG00000197355
QRI1	S. cerevisiae	OGEE v3	ENSG00000117143
RAM2	S. cerevisiae	OGEE v3	ENSG00000168522
RAT1	S. cerevisiae	OGEE v3	ENSG00000088930
RBA50	S. cerevisiae	OGEE v3	ENSG00000103932
RCL1	S. cerevisiae	OGEE v3	ENSG00000137996
RCL1	S. cerevisiae	OGEE v3	ENSG00000120158
REB1	S. cerevisiae	OGEE v3	ENSG00000125482
REB1	S. cerevisiae	OGEE v3	ENSG00000185697
REB1	S. cerevisiae	OGEE v3	ENSG00000101057
REB1	S. cerevisiae	OGEE v3	ENSG00000165684
REB1	S. cerevisiae	OGEE v3	ENSG00000135164
REB1	S. cerevisiae	OGEE v3	ENSG00000118513
RET1	S. cerevisiae	OGEE v3	ENSG00000013503
RET3	S. cerevisiae	OGEE v3	ENSG00000005243
RET3	S. cerevisiae	OGEE v3	ENSG00000111481
RFA1	S. cerevisiae	OGEE v3	ENSG00000132383
RFA2	S. cerevisiae	OGEE v3	ENSG00000204086
RFC2	S. cerevisiae	OGEE v3	ENSG00000163918
RFC3	S. cerevisiae	OGEE v3	ENSG00000111445
RFC4	S. cerevisiae	OGEE v3	ENSG00000049541
RFC5	S. cerevisiae	OGEE v3	ENSG00000133119
RFT1	S. cerevisiae	OGEE v3	ENSG00000163933
RFT1	S. cerevisiae	OGEE v3	ENSG00000272305
RGR1	S. cerevisiae	OGEE v3	ENSG00000180182
RIA1	S. cerevisiae	OGEE v3	ENSG00000140598
RIB2	S. cerevisiae	OGEE v3	ENSG00000166133
RIO1	S. cerevisiae	OGEE v3	ENSG00000124784
RIO2	S. cerevisiae	OGEE v3	ENSG00000058729
RIX7	S. cerevisiae	OGEE v3	ENSG00000143748
RKI1	S. cerevisiae	OGEE v3	ENSG00000153574
RLP24	S. cerevisiae	OGEE v3	ENSG00000137876
RNA1	S. cerevisiae	OGEE v3	ENSG00000100401
RNA14	S. cerevisiae	OGEE v3	ENSG00000176102
RNR2	S. cerevisiae	OGEE v3	ENSG00000171848
RNR2	S. cerevisiae	OGEE v3	ENSG00000048392
ROK1	S. cerevisiae	OGEE v3	ENSG00000278053
RPA135	S. cerevisiae	OGEE v3	ENSG00000125630
RPA190	S. cerevisiae	OGEE v3	ENSG00000068654
RPA43	S. cerevisiae	OGEE v3	ENSG00000105849
RPB10	S. cerevisiae	OGEE v3	ENSG00000177700
RPB2	S. cerevisiae	OGEE v3	ENSG00000047315
RPB3	S. cerevisiae	OGEE v3	ENSG00000102978
RPB5	S. cerevisiae	OGEE v3	ENSG00000099817
RPB7	S. cerevisiae	OGEE v3	ENSG00000168002
RPB8	S. cerevisiae	OGEE v3	ENSG00000163882
RPC10	S. cerevisiae	OGEE v3	ENSG00000147669
RPC11	S. cerevisiae	OGEE v3	ENSG00000161980
RPC17	S. cerevisiae	OGEE v3	ENSG00000241258
RPC19	S. cerevisiae	OGEE v3	ENSG00000186184
RPC25	S. cerevisiae	OGEE v3	ENSG00000100413
RPC34	S. cerevisiae	OGEE v3	ENSG00000132664
RPC37	S. cerevisiae	OGEE v3	ENSG00000058600
RPC40	S. cerevisiae	OGEE v3	ENSG00000171453
RPC40	S. cerevisiae	OGEE v3	ENSG00000119878
RPC53	S. cerevisiae	OGEE v3	ENSG00000168495
RPC82	S. cerevisiae	OGEE v3	ENSG00000186141
RPF1	S. cerevisiae	OGEE v3	ENSG00000117133
RPF2	S. cerevisiae	OGEE v3	ENSG00000197498
RPG1	S. cerevisiae	OGEE v3	ENSG00000107581
RPL10	S. cerevisiae	OGEE v3	ENSG00000147403
RPL10	S. cerevisiae	OGEE v3	ENSG00000165496
RPL15A	S. cerevisiae	OGEE v3	ENSG00000174748
RPL17A	S. cerevisiae	OGEE v3	ENSG00000215472
RPL17A	S. cerevisiae	OGEE v3	ENSG00000265681
RPL18A	S. cerevisiae	OGEE v3	ENSG00000063177
RPL28	S. cerevisiae	OGEE v3	ENSG00000166441
RPL3	S. cerevisiae	OGEE v3	ENSG00000100316
RPL3	S. cerevisiae	OGEE v3	ENSG00000140986
RPL30	S. cerevisiae	OGEE v3	ENSG00000156482
RPL33A	S. cerevisiae	OGEE v3	ENSG00000182899
RPL5	S. cerevisiae	OGEE v3	ENSG00000122406
RPN1	S. cerevisiae	OGEE v3	ENSG00000175166
RPN11	S. cerevisiae	OGEE v3	ENSG00000115233
RPN12	S. cerevisiae	OGEE v3	ENSG00000099341
RPN2	S. cerevisiae	OGEE v3	ENSG00000173692
RPN3	S. cerevisiae	OGEE v3	ENSG00000141030
RPN3	S. cerevisiae	OGEE v3	ENSG00000108344
RPN5	S. cerevisiae	OGEE v3	ENSG00000138663
RPN5	S. cerevisiae	OGEE v3	ENSG00000197170
RPN6	S. cerevisiae	OGEE v3	ENSG00000166200
RPN6	S. cerevisiae	OGEE v3	ENSG00000108671
RPN7	S. cerevisiae	OGEE v3	ENSG00000163636
RPN8	S. cerevisiae	OGEE v3	ENSG00000168090
RPN8	S. cerevisiae	OGEE v3	ENSG00000175390
RPN8	S. cerevisiae	OGEE v3	ENSG00000103035
RPO21	S. cerevisiae	OGEE v3	ENSG00000181222
RPO31	S. cerevisiae	OGEE v3	ENSG00000148606
RPP0	S. cerevisiae	OGEE v3	ENSG00000089157
RPP1	S. cerevisiae	OGEE v3	ENSG00000148688
RPS13	S. cerevisiae	OGEE v3	ENSG00000110700
RPS15	S. cerevisiae	OGEE v3	ENSG00000115268
RPS2	S. cerevisiae	OGEE v3	ENSG00000140988
RPS20	S. cerevisiae	OGEE v3	ENSG00000008988
RPS26A	S. cerevisiae	OGEE v3	ENSG00000197728
RPS3	S. cerevisiae	OGEE v3	ENSG00000182093
RPS3	S. cerevisiae	OGEE v3	ENSG00000149273
RPS5	S. cerevisiae	OGEE v3	ENSG00000083845
RPT1	S. cerevisiae	OGEE v3	ENSG00000161057
RPT2	S. cerevisiae	OGEE v3	ENSG00000100764
RPT3	S. cerevisiae	OGEE v3	ENSG00000013275
RPT4	S. cerevisiae	OGEE v3	ENSG00000100519
RPT5	S. cerevisiae	OGEE v3	ENSG00000165916
RPT6	S. cerevisiae	OGEE v3	ENSG00000087191
RRB1	S. cerevisiae	OGEE v3	ENSG00000105447
RRN3	S. cerevisiae	OGEE v3	ENSG00000085721
RRP1	S. cerevisiae	OGEE v3	ENSG00000160208
RRP1	S. cerevisiae	OGEE v3	ENSG00000160214
RRP12	S. cerevisiae	OGEE v3	ENSG00000052749
RRP17	S. cerevisiae	OGEE v3	ENSG00000100101
RRP17	S. cerevisiae	OGEE v3	ENSG00000273899
RRP3	S. cerevisiae	OGEE v3	ENSG00000213782
RRP36	S. cerevisiae	OGEE v3	ENSG00000124541
RRP4	S. cerevisiae	OGEE v3	ENSG00000130713
RRP40	S. cerevisiae	OGEE v3	ENSG00000107371
RRP42	S. cerevisiae	OGEE v3	ENSG00000075914
RRP43	S. cerevisiae	OGEE v3	ENSG00000120699
RRP45	S. cerevisiae	OGEE v3	ENSG00000123737
RRP46	S. cerevisiae	OGEE v3	ENSG00000077348
RRP5	S. cerevisiae	OGEE v3	ENSG00000148843
RRP7	S. cerevisiae	OGEE v3	ENSG00000189306
RRP9	S. cerevisiae	OGEE v3	ENSG00000114767
RRS1	S. cerevisiae	OGEE v3	ENSG00000179041
RSA4	S. cerevisiae	OGEE v3	ENSG00000073536
RSC4	S. cerevisiae	OGEE v3	ENSG00000163939
RSC6	S. cerevisiae	OGEE v3	ENSG00000108604
RSC6	S. cerevisiae	OGEE v3	ENSG00000066117
RSC6	S. cerevisiae	OGEE v3	ENSG00000082014
RSE1	S. cerevisiae	OGEE v3	ENSG00000189091
RSE1	S. cerevisiae	OGEE v3	ENSG00000071894
RSE1	S. cerevisiae	OGEE v3	ENSG00000167986
RTS2	S. cerevisiae	OGEE v3	ENSG00000151657
RVB1	S. cerevisiae	OGEE v3	ENSG00000175792
RVB2	S. cerevisiae	OGEE v3	ENSG00000183207
SAS10	S. cerevisiae	OGEE v3	ENSG00000132467
SCC2	S. cerevisiae	OGEE v3	ENSG00000164190
SCL1	S. cerevisiae	OGEE v3	ENSG00000100902
SDA1	S. cerevisiae	OGEE v3	ENSG00000198301
SDH3	S. cerevisiae	OGEE v3	ENSG00000143252
SEC10	S. cerevisiae	OGEE v3	ENSG00000070367
SEC11	S. cerevisiae	OGEE v3	ENSG00000166562
SEC11	S. cerevisiae	OGEE v3	ENSG00000140612
SEC12	S. cerevisiae	OGEE v3	ENSG00000134759
SEC13	S. cerevisiae	OGEE v3	ENSG00000157020
SEC14	S. cerevisiae	OGEE v3	ENSG00000133488
SEC14	S. cerevisiae	OGEE v3	ENSG00000129657
SEC14	S. cerevisiae	OGEE v3	ENSG00000137561
SEC14	S. cerevisiae	OGEE v3	ENSG00000100003
SEC14	S. cerevisiae	OGEE v3	ENSG00000249590
SEC14	S. cerevisiae	OGEE v3	ENSG00000214491
SEC14	S. cerevisiae	OGEE v3	ENSG00000103184
SEC14	S. cerevisiae	OGEE v3	ENSG00000100012
SEC15	S. cerevisiae	OGEE v3	ENSG00000144036
SEC15	S. cerevisiae	OGEE v3	ENSG00000138190
SEC16	S. cerevisiae	OGEE v3	ENSG00000120341
SEC16	S. cerevisiae	OGEE v3	ENSG00000148396
SEC17	S. cerevisiae	OGEE v3	ENSG00000134265
SEC17	S. cerevisiae	OGEE v3	ENSG00000125814
SEC17	S. cerevisiae	OGEE v3	ENSG00000105402
SEC18	S. cerevisiae	OGEE v3	ENSG00000073969
SEC2	S. cerevisiae	OGEE v3	ENSG00000127328
SEC2	S. cerevisiae	OGEE v3	ENSG00000167994
SEC2	S. cerevisiae	OGEE v3	ENSG00000258052
SEC20	S. cerevisiae	OGEE v3	ENSG00000113734
SEC21	S. cerevisiae	OGEE v3	ENSG00000158623
SEC21	S. cerevisiae	OGEE v3	ENSG00000181789
SEC23	S. cerevisiae	OGEE v3	ENSG00000101310
SEC23	S. cerevisiae	OGEE v3	ENSG00000100934
SEC24	S. cerevisiae	OGEE v3	ENSG00000113615
SEC24	S. cerevisiae	OGEE v3	ENSG00000138802
SEC26	S. cerevisiae	OGEE v3	ENSG00000129083
SEC27	S. cerevisiae	OGEE v3	ENSG00000184432
SEC31	S. cerevisiae	OGEE v3	ENSG00000138674
SEC31	S. cerevisiae	OGEE v3	ENSG00000075826
SEC53	S. cerevisiae	OGEE v3	ENSG00000100417
SEC53	S. cerevisiae	OGEE v3	ENSG00000140650
SEC59	S. cerevisiae	OGEE v3	ENSG00000175283
SEC6	S. cerevisiae	OGEE v3	ENSG00000179044
SEC6	S. cerevisiae	OGEE v3	ENSG00000180104
SEC6	S. cerevisiae	OGEE v3	ENSG00000205436
SEC61	S. cerevisiae	OGEE v3	ENSG00000065665
SEC61	S. cerevisiae	OGEE v3	ENSG00000058262
SEC62	S. cerevisiae	OGEE v3	ENSG00000008952
SEC63	S. cerevisiae	OGEE v3	ENSG00000025796
SEC8	S. cerevisiae	OGEE v3	ENSG00000131558
SEC9	S. cerevisiae	OGEE v3	ENSG00000132639
SEC9	S. cerevisiae	OGEE v3	ENSG00000092531
SEC9	S. cerevisiae	OGEE v3	ENSG00000143740
SEC9	S. cerevisiae	OGEE v3	ENSG00000099940
SED5	S. cerevisiae	OGEE v3	ENSG00000162236
SEN1	S. cerevisiae	OGEE v3	ENSG00000107290
SEN1	S. cerevisiae	OGEE v3	ENSG00000169551
SEN1	S. cerevisiae	OGEE v3	ENSG00000073146
SEN2	S. cerevisiae	OGEE v3	ENSG00000154743
SEN34	S. cerevisiae	OGEE v3	ENSG00000170892
SEN54	S. cerevisiae	OGEE v3	ENSG00000182173
SES1	S. cerevisiae	OGEE v3	ENSG00000031698
SFB3	S. cerevisiae	OGEE v3	ENSG00000150961
SFH1	S. cerevisiae	OGEE v3	ENSG00000099956
SGD1	S. cerevisiae	OGEE v3	ENSG00000146909
SGV1	S. cerevisiae	OGEE v3	ENSG00000136807
SHQ1	S. cerevisiae	OGEE v3	ENSG00000144736
SKP1	S. cerevisiae	OGEE v3	ENSG00000113558
SLD5	S. cerevisiae	OGEE v3	ENSG00000147536
SLY1	S. cerevisiae	OGEE v3	ENSG00000092108
SMC2	S. cerevisiae	OGEE v3	ENSG00000136824
SMC4	S. cerevisiae	OGEE v3	ENSG00000113810
SMD2	S. cerevisiae	OGEE v3	ENSG00000125743
SMD3	S. cerevisiae	OGEE v3	ENSG00000286070
SMD3	S. cerevisiae	OGEE v3	ENSG00000100028
SME1	S. cerevisiae	OGEE v3	ENSG00000182004
SNU114	S. cerevisiae	OGEE v3	ENSG00000108883
SNU13	S. cerevisiae	OGEE v3	ENSG00000100138
SOF1	S. cerevisiae	OGEE v3	ENSG00000164934
SPB4	S. cerevisiae	OGEE v3	ENSG00000111364
SPC3	S. cerevisiae	OGEE v3	ENSG00000129128
SPC97	S. cerevisiae	OGEE v3	ENSG00000130640
SPC98	S. cerevisiae	OGEE v3	ENSG00000126216
SPN1	S. cerevisiae	OGEE v3	ENSG00000182898
SPN1	S. cerevisiae	OGEE v3	ENSG00000163166
SPN1	S. cerevisiae	OGEE v3	ENSG00000100583
SPP2	S. cerevisiae	OGEE v3	ENSG00000068394
SPT14	S. cerevisiae	OGEE v3	ENSG00000165195
SPT15	S. cerevisiae	OGEE v3	ENSG00000182521
SPT16	S. cerevisiae	OGEE v3	ENSG00000092201
SPT5	S. cerevisiae	OGEE v3	ENSG00000196235
SPT6	S. cerevisiae	OGEE v3	ENSG00000109111
SQT1	S. cerevisiae	OGEE v3	ENSG00000174145
SQT1	S. cerevisiae	OGEE v3	ENSG00000127837
SRB7	S. cerevisiae	OGEE v3	ENSG00000152944
SRM1	S. cerevisiae	OGEE v3	ENSG00000103657
SRM1	S. cerevisiae	OGEE v3	ENSG00000136144
SRM1	S. cerevisiae	OGEE v3	ENSG00000003393
SRM1	S. cerevisiae	OGEE v3	ENSG00000166965
SRM1	S. cerevisiae	OGEE v3	ENSG00000136161
SRM1	S. cerevisiae	OGEE v3	ENSG00000156313
SRM1	S. cerevisiae	OGEE v3	ENSG00000180198
SRM1	S. cerevisiae	OGEE v3	ENSG00000129158
SRP1	S. cerevisiae	OGEE v3	ENSG00000185467
SRP1	S. cerevisiae	OGEE v3	ENSG00000182481
SSC1	S. cerevisiae	OGEE v3	ENSG00000113013
SSL1	S. cerevisiae	OGEE v3	ENSG00000145736
SSL1	S. cerevisiae	OGEE v3	ENSG00000183474
SSU72	S. cerevisiae	OGEE v3	ENSG00000284546
SSU72	S. cerevisiae	OGEE v3	ENSG00000160075
SSU72	S. cerevisiae	OGEE v3	ENSG00000284438
SSU72	S. cerevisiae	OGEE v3	ENSG00000284018
SSU72	S. cerevisiae	OGEE v3	ENSG00000284306
SSU72	S. cerevisiae	OGEE v3	ENSG00000283873
SSU72	S. cerevisiae	OGEE v3	ENSG00000230268
STT3	S. cerevisiae	OGEE v3	ENSG00000163527
STU2	S. cerevisiae	OGEE v3	ENSG00000175216
SUA7	S. cerevisiae	OGEE v3	ENSG00000137947
SUI2	S. cerevisiae	OGEE v3	ENSG00000134001
SUI3	S. cerevisiae	OGEE v3	ENSG00000125977
SUP45	S. cerevisiae	OGEE v3	ENSG00000120705
SWC4	S. cerevisiae	OGEE v3	ENSG00000178028
SWD2	S. cerevisiae	OGEE v3	ENSG00000164091
TAD3	S. cerevisiae	OGEE v3	ENSG00000213638
TAF1	S. cerevisiae	OGEE v3	ENSG00000122728
TAF1	S. cerevisiae	OGEE v3	ENSG00000147133
TAF10	S. cerevisiae	OGEE v3	ENSG00000166337
TAF11	S. cerevisiae	OGEE v3	ENSG00000283776
TAF11	S. cerevisiae	OGEE v3	ENSG00000249662
TAF11	S. cerevisiae	OGEE v3	ENSG00000284373
TAF11	S. cerevisiae	OGEE v3	ENSG00000064995
TAF11	S. cerevisiae	OGEE v3	ENSG00000249156
TAF11	S. cerevisiae	OGEE v3	ENSG00000283967
TAF11	S. cerevisiae	OGEE v3	ENSG00000283988
TAF11	S. cerevisiae	OGEE v3	ENSG00000283740
TAF11	S. cerevisiae	OGEE v3	ENSG00000284283
TAF11	S. cerevisiae	OGEE v3	ENSG00000284465
TAF11	S. cerevisiae	OGEE v3	ENSG00000284042
TAF11	S. cerevisiae	OGEE v3	ENSG00000284356
TAF11	S. cerevisiae	OGEE v3	ENSG00000250782
TAF11	S. cerevisiae	OGEE v3	ENSG00000284234
TAF11	S. cerevisiae	OGEE v3	ENSG00000284439
TAF12	S. cerevisiae	OGEE v3	ENSG00000120656
TAF13	S. cerevisiae	OGEE v3	ENSG00000197780
TAF4	S. cerevisiae	OGEE v3	ENSG00000130699
TAF4	S. cerevisiae	OGEE v3	ENSG00000141384
TAF5	S. cerevisiae	OGEE v3	ENSG00000135801
TAF5	S. cerevisiae	OGEE v3	ENSG00000148835
TAF6	S. cerevisiae	OGEE v3	ENSG00000106290
TAF6	S. cerevisiae	OGEE v3	ENSG00000162227
TAF7	S. cerevisiae	OGEE v3	ENSG00000178913
TAF7	S. cerevisiae	OGEE v3	ENSG00000102387
TAF9	S. cerevisiae	OGEE v3	ENSG00000273841
TAF9	S. cerevisiae	OGEE v3	ENSG00000187325
TAH18	S. cerevisiae	OGEE v3	ENSG00000188566
TAM41	S. cerevisiae	OGEE v3	ENSG00000144559
TAO3	S. cerevisiae	OGEE v3	ENSG00000075539
TAO3	S. cerevisiae	OGEE v3	ENSG00000073910
TAP42	S. cerevisiae	OGEE v3	ENSG00000089289
TAP42	S. cerevisiae	OGEE v3	ENSG00000266826
TCP1	S. cerevisiae	OGEE v3	ENSG00000120438
TEL2	S. cerevisiae	OGEE v3	ENSG00000100726
TFA1	S. cerevisiae	OGEE v3	ENSG00000153767
TFA2	S. cerevisiae	OGEE v3	ENSG00000197265
TFB1	S. cerevisiae	OGEE v3	ENSG00000110768
TFB2	S. cerevisiae	OGEE v3	ENSG00000213780
TFB3	S. cerevisiae	OGEE v3	ENSG00000020426
TFB4	S. cerevisiae	OGEE v3	ENSG00000111358
TFC4	S. cerevisiae	OGEE v3	ENSG00000119041
TFC7	S. cerevisiae	OGEE v3	ENSG00000160185
TFC7	S. cerevisiae	OGEE v3	ENSG00000154127
TFG1	S. cerevisiae	OGEE v3	ENSG00000125651
TFG2	S. cerevisiae	OGEE v3	ENSG00000188342
THG1	S. cerevisiae	OGEE v3	ENSG00000113272
THI80	S. cerevisiae	OGEE v3	ENSG00000196511
TIF11	S. cerevisiae	OGEE v3	ENSG00000198692
TIF11	S. cerevisiae	OGEE v3	ENSG00000173674
TIF34	S. cerevisiae	OGEE v3	ENSG00000084623
TIF35	S. cerevisiae	OGEE v3	ENSG00000130811
TIF5	S. cerevisiae	OGEE v3	ENSG00000100664
TIF6	S. cerevisiae	OGEE v3	ENSG00000242372
TIF6	S. cerevisiae	OGEE v3	ENSG00000261582
TIM10	S. cerevisiae	OGEE v3	ENSG00000134809
TIM12	S. cerevisiae	OGEE v3	ENSG00000134809
TIM17	S. cerevisiae	OGEE v3	ENSG00000126768
TIM17	S. cerevisiae	OGEE v3	ENSG00000134375
TIM22	S. cerevisiae	OGEE v3	ENSG00000177370
TIM23	S. cerevisiae	OGEE v3	ENSG00000178440
TIM23	S. cerevisiae	OGEE v3	ENSG00000265354
TIM23	S. cerevisiae	OGEE v3	ENSG00000204152
TIM44	S. cerevisiae	OGEE v3	ENSG00000104980
TIM50	S. cerevisiae	OGEE v3	ENSG00000105197
TOA1	S. cerevisiae	OGEE v3	ENSG00000165417
TOA1	S. cerevisiae	OGEE v3	ENSG00000242441
TOA2	S. cerevisiae	OGEE v3	ENSG00000140307
TOM40	S. cerevisiae	OGEE v3	ENSG00000130204
TOM40	S. cerevisiae	OGEE v3	ENSG00000158882
TPI1	S. cerevisiae	OGEE v3	ENSG00000111669
TPT1	S. cerevisiae	OGEE v3	ENSG00000149743
TRA1	S. cerevisiae	OGEE v3	ENSG00000196367
TRR1	S. cerevisiae	OGEE v3	ENSG00000184470
TRR1	S. cerevisiae	OGEE v3	ENSG00000183773
TRR1	S. cerevisiae	OGEE v3	ENSG00000156709
TRR1	S. cerevisiae	OGEE v3	ENSG00000198431
TRR1	S. cerevisiae	OGEE v3	ENSG00000121350
TRR1	S. cerevisiae	OGEE v3	ENSG00000197763
TRS120	S. cerevisiae	OGEE v3	ENSG00000167632
TRS130	S. cerevisiae	OGEE v3	ENSG00000160218
TRS130	S. cerevisiae	OGEE v3	ENSG00000280433
TRS23	S. cerevisiae	OGEE v3	ENSG00000196655
TRS31	S. cerevisiae	OGEE v3	ENSG00000181029
TRZ1	S. cerevisiae	OGEE v3	ENSG00000006744
TSC10	S. cerevisiae	OGEE v3	ENSG00000119537
TSC11	S. cerevisiae	OGEE v3	ENSG00000164327
TSC13	S. cerevisiae	OGEE v3	ENSG00000099797
TSC13	S. cerevisiae	OGEE v3	ENSG00000145545
TSC13	S. cerevisiae	OGEE v3	ENSG00000205678
TSC13	S. cerevisiae	OGEE v3	ENSG00000277893
TSR1	S. cerevisiae	OGEE v3	ENSG00000167721
TSR4	S. cerevisiae	OGEE v3	ENSG00000071994
TTI1	S. cerevisiae	OGEE v3	ENSG00000101407
TUB2	S. cerevisiae	OGEE v3	ENSG00000188229
UBA2	S. cerevisiae	OGEE v3	ENSG00000126261
UBC9	S. cerevisiae	OGEE v3	ENSG00000103275
UFD1	S. cerevisiae	OGEE v3	ENSG00000070010
UFE1	S. cerevisiae	OGEE v3	ENSG00000168818
UGP1	S. cerevisiae	OGEE v3	ENSG00000169764
URA6	S. cerevisiae	OGEE v3	ENSG00000162368
URB1	S. cerevisiae	OGEE v3	ENSG00000142207
UTP10	S. cerevisiae	OGEE v3	ENSG00000119285
UTP11	S. cerevisiae	OGEE v3	ENSG00000183520
UTP13	S. cerevisiae	OGEE v3	ENSG00000183751
UTP14	S. cerevisiae	OGEE v3	ENSG00000156697
UTP14	S. cerevisiae	OGEE v3	ENSG00000253797
UTP15	S. cerevisiae	OGEE v3	ENSG00000164338
UTP20	S. cerevisiae	OGEE v3	ENSG00000120800
UTP21	S. cerevisiae	OGEE v3	ENSG00000110107
UTP22	S. cerevisiae	OGEE v3	ENSG00000165271
UTP23	S. cerevisiae	OGEE v3	ENSG00000147679
UTP25	S. cerevisiae	OGEE v3	ENSG00000117597
UTP6	S. cerevisiae	OGEE v3	ENSG00000108651
UTP7	S. cerevisiae	OGEE v3	ENSG00000227057
VAS1	S. cerevisiae	OGEE v3	ENSG00000204394
VRG4	S. cerevisiae	OGEE v3	ENSG00000134490
VTI1	S. cerevisiae	OGEE v3	ENSG00000100568
VTI1	S. cerevisiae	OGEE v3	ENSG00000262633
VTI1	S. cerevisiae	OGEE v3	ENSG00000151532
VTI1	S. cerevisiae	OGEE v3	ENSG00000108433
WBP1	S. cerevisiae	OGEE v3	ENSG00000244038
WRS1	S. cerevisiae	OGEE v3	ENSG00000140105
YAH1	S. cerevisiae	OGEE v3	ENSG00000167807
YAH1	S. cerevisiae	OGEE v3	ENSG00000267673
YCG1	S. cerevisiae	OGEE v3	ENSG00000109805
YCS4	S. cerevisiae	OGEE v3	ENSG00000010292
YCS4	S. cerevisiae	OGEE v3	ENSG00000151503
YIF1	S. cerevisiae	OGEE v3	ENSG00000174851
YIF1	S. cerevisiae	OGEE v3	ENSG00000167645
YIP1	S. cerevisiae	OGEE v3	ENSG00000177752
YIP1	S. cerevisiae	OGEE v3	ENSG00000145817
YJU2	S. cerevisiae	OGEE v3	ENSG00000104957
YJU2	S. cerevisiae	OGEE v3	ENSG00000105248
YKT6	S. cerevisiae	OGEE v3	ENSG00000106636
YOS1	S. cerevisiae	OGEE v3	ENSG00000134049
YOS1	S. cerevisiae	OGEE v3	ENSG00000267228
YPI1	S. cerevisiae	OGEE v3	ENSG00000204619
YRB1	S. cerevisiae	OGEE v3	ENSG00000099901
YSH1	S. cerevisiae	OGEE v3	ENSG00000119203
YTM1	S. cerevisiae	OGEE v3	ENSG00000047056
YTM1	S. cerevisiae	OGEE v3	ENSG00000138442
ZIM17	S. cerevisiae	OGEE v3	ENSG00000213221
ZPR1	S. cerevisiae	OGEE v3	ENSG00000109917
SPBC428.16c	S. pombe	PMID20473289	ENSG00000106615
SPBC3D6.11c	S. pombe	PMID20473289	ENSG00000204308
SPBC2F12.08c	S. pombe	PMID20473289	ENSG00000111880
SPBC660.13c	S. pombe	PMID20473289	ENSG00000132383
SPBC3B9.13c	S. pombe	PMID20473289	ENSG00000137818
SPBC23G7.15c	S. pombe	PMID20473289	ENSG00000177600
SPBC18E5.06	S. pombe	PMID20473289	ENSG00000171858
SPAC1F7.05	S. pombe	PMID20473289	ENSG00000167325
SPBC25D12.04	S. pombe	PMID20473289	ENSG00000171848
SPBC31F10.06c	S. pombe	PMID20473289	ENSG00000079332
SPBC31F10.06c	S. pombe	PMID20473289	ENSG00000152700
SPAC167.03c	S. pombe	PMID20473289	ENSG00000175467
SPAC13F5.06c	S. pombe	PMID20473289	ENSG00000070367
SPBC215.15	S. pombe	PMID20473289	ENSG00000157020
SPAC3H8.10	S. pombe	PMID20473289	ENSG00000129657
SPAC3H8.10	S. pombe	PMID20473289	ENSG00000100003
SPAC27F1.09c	S. pombe	PMID20473289	ENSG00000115524
SPAC16.02c	S. pombe	PMID20473289	ENSG00000116350
SPAC16.02c	S. pombe	PMID20473289	ENSG00000100650
SPAC16.02c	S. pombe	PMID20473289	ENSG00000124193
SPBC409.05	S. pombe	PMID20473289	ENSG00000113558
SPCC16A11.14	S. pombe	PMID20473289	ENSG00000099956
SPBC29A10.04	S. pombe	PMID20473289	ENSG00000072501
SPBC29A10.04	S. pombe	PMID20473289	ENSG00000077935
SPAC2G11.08c	S. pombe	PMID20473289	ENSG00000172062
SPCC306.03c	S. pombe	PMID20473289	ENSG00000121152
SPBC26H8.02c	S. pombe	PMID20473289	ENSG00000092531
SPBC26H8.02c	S. pombe	PMID20473289	ENSG00000132639
SPBC12D12.01	S. pombe	PMID20473289	ENSG00000061656
SPCC188.06c	S. pombe	PMID20473289	ENSG00000100883
SPAC2F3.04c	S. pombe	PMID20473289	ENSG00000106028
SPAC17H9.20	S. pombe	PMID20473289	ENSG00000118007
SPAC17H9.20	S. pombe	PMID20473289	ENSG00000101972
SPAC17H9.20	S. pombe	PMID20473289	ENSG00000066923
SPCC320.13c	S. pombe	PMID20473289	ENSG00000178999
SPCC320.13c	S. pombe	PMID20473289	ENSG00000105146
SPCC320.13c	S. pombe	PMID20473289	ENSG00000087586
SPAC9G1.09	S. pombe	PMID20473289	ENSG00000102572
SPBC17F3.02	S. pombe	PMID20473289	ENSG00000102572
SPAC9G1.09	S. pombe	PMID20473289	ENSG00000115694
SPBC17F3.02	S. pombe	PMID20473289	ENSG00000115694
SPCC825.03c	S. pombe	PMID20473289	ENSG00000135604
SPCC825.03c	S. pombe	PMID20473289	ENSG00000106089
SPCC825.03c	S. pombe	PMID20473289	ENSG00000103496
SPBP8B7.19	S. pombe	PMID20473289	ENSG00000092201
SPAC23C4.19	S. pombe	PMID20473289	ENSG00000196235
SPCC5E4.03c	S. pombe	PMID20473289	ENSG00000148835
SPCC16C4.18c	S. pombe	PMID20473289	ENSG00000106290
SPAC13F5.02c	S. pombe	PMID20473289	ENSG00000178913
SPAC13F5.02c	S. pombe	PMID20473289	ENSG00000102387
SPBC11C11.04c	S. pombe	PMID20473289	ENSG00000141556
SPBC1A4.03c	S. pombe	PMID20473289	ENSG00000131747
SPBC1A4.03c	S. pombe	PMID20473289	ENSG00000077097
SPBC16G5.12c	S. pombe	PMID20473289	ENSG00000177302
SPAC27F1.02c	S. pombe	PMID20473289	ENSG00000143549
SPAC27F1.02c	S. pombe	PMID20473289	ENSG00000167460
SPCC162.08c	S. pombe	PMID20473289	ENSG00000047410
SPBC16A3.15c	S. pombe	PMID20473289	ENSG00000127824
SPBC16A3.15c	S. pombe	PMID20473289	ENSG00000198033
SPBC16A3.15c	S. pombe	PMID20473289	ENSG00000183785
SPBC32F12.04	S. pombe	PMID20473289	ENSG00000131462
SPBC32F12.04	S. pombe	PMID20473289	ENSG00000037042
SPBC9B6.04c	S. pombe	PMID20473289	ENSG00000178952
SPAP8A3.06	S. pombe	PMID20473289	ENSG00000160201
SPBC1604.21c	S. pombe	PMID20473289	ENSG00000130985
SPAC24H6.12c	S. pombe	PMID20473289	ENSG00000144744
SPBC1604.21c	S. pombe	PMID20473289	ENSG00000182179
SPAC30D11.13	S. pombe	PMID20473289	ENSG00000103275
SPCC777.10c	S. pombe	PMID20473289	ENSG00000130725
SPAC6G9.11	S. pombe	PMID20473289	ENSG00000117533
SPAC1805.17	S. pombe	PMID20473289	ENSG00000082898
SPAC26A3.12c	S. pombe	PMID20473289	ENSG00000088930
SPCC970.12	S. pombe	PMID20473289	ENSG00000159055
SPBC32H8.12c	S. pombe	PMID20473289	ENSG00000143632
SPBC32H8.12c	S. pombe	PMID20473289	ENSG00000107796
SPAC1952.13	S. pombe	PMID20473289	ENSG00000134324
SPBC14C8.01c	S. pombe	PMID20473289	ENSG00000213005
SPAC57A10.05c	S. pombe	PMID20473289	ENSG00000106336
SPAC57A10.05c	S. pombe	PMID20473289	ENSG00000119402
SPBC31E1.03	S. pombe	PMID20473289	ENSG00000198258
SPBP4H10.06c	S. pombe	PMID20473289	ENSG00000136824
SPBC146.03c	S. pombe	PMID20473289	ENSG00000113810
SPBC1271.13	S. pombe	PMID20473289	ENSG00000158042
SPBC211.02c	S. pombe	PMID20473289	ENSG00000076924
SPBC30D10.11	S. pombe	PMID20473289	ENSG00000007541
SPBC12D12.01	S. pombe	PMID20473289	ENSG00000100242
SPAC806.02c	S. pombe	PMID20473289	ENSG00000144021
SPBC32H8.12c	S. pombe	PMID20473289	ENSG00000159251
SPCC613.04c	S. pombe	PMID20473289	ENSG00000141161
SPBC32H8.12c	S. pombe	PMID20473289	ENSG00000184009
SPAC3A12.14	S. pombe	PMID20473289	ENSG00000198668
SPAC3A12.14	S. pombe	PMID20473289	ENSG00000143933
SPAC1952.13	S. pombe	PMID20473289	ENSG00000101577
SPAC1952.13	S. pombe	PMID20473289	ENSG00000132793
SPAC3A12.14	S. pombe	PMID20473289	ENSG00000160014
SPBC32H8.12c	S. pombe	PMID20473289	ENSG00000163017
SPAC3A12.14	S. pombe	PMID20473289	ENSG00000178363
SPAC27F1.04c	S. pombe	PMID20473289	ENSG00000143228
SPAC3C7.11c	S. pombe	PMID20473289	ENSG00000127022
SPBC119.13c	S. pombe	PMID20473289	ENSG00000105618
SPAC20G4.06c	S. pombe	PMID20473289	ENSG00000125868
SPBC31F10.11c	S. pombe	PMID20473289	ENSG00000101343
SPBC582.03	S. pombe	PMID20473289	ENSG00000134057
SPBC582.03	S. pombe	PMID20473289	ENSG00000157456
SPBC6B1.07	S. pombe	PMID20473289	ENSG00000101161
SPCC645.05c	S. pombe	PMID20473289	ENSG00000078814
SPCC1259.15c	S. pombe	PMID20473289	ENSG00000175063
SPBP16F5.02	S. pombe	PMID20473289	ENSG00000134480
SPAC20G8.03	S. pombe	PMID20473289	ENSG00000151229
SPBC26H8.06	S. pombe	PMID20473289	ENSG00000108010
SPBC32F12.06	S. pombe	PMID20473289	ENSG00000129315
SPBP23A10.08	S. pombe	PMID20473289	ENSG00000077080
SPBC32F12.06	S. pombe	PMID20473289	ENSG00000082258
SPBC428.13c	S. pombe	PMID20473289	ENSG00000114978
SPCC970.04c	S. pombe	PMID20473289	ENSG00000114978
SPAC6G9.06c	S. pombe	PMID20473289	ENSG00000160299
SPBC409.09c	S. pombe	PMID20473289	ENSG00000149636
SPBC106.06	S. pombe	PMID20473289	ENSG00000115484
SPBC12D12.01	S. pombe	PMID20473289	ENSG00000167098
SPCC338.17c	S. pombe	PMID20473289	ENSG00000244588
SPAC23C4.10	S. pombe	PMID20473289	ENSG00000127328
SPCC188.11	S. pombe	PMID20473289	ENSG00000100603
SPAC57A10.05c	S. pombe	PMID20473289	ENSG00000109670
SPAC31G5.13	S. pombe	PMID20473289	ENSG00000115233
SPBC2G2.04c	S. pombe	PMID20473289	ENSG00000132541
SPAC11H11.06	S. pombe	PMID20473289	ENSG00000138071
SPAC18G6.07c	S. pombe	PMID20473289	ENSG00000126749
SPBC36.12c	S. pombe	PMID20473289	ENSG00000165416
SPAC630.03	S. pombe	PMID20473289	ENSG00000115091
SPAC23C4.18c	S. pombe	PMID20473289	ENSG00000163781
SPAC1002.10c	S. pombe	PMID20473289	ENSG00000122882
SPBC8D2.20c	S. pombe	PMID20473289	ENSG00000138674
SPAC1687.11	S. pombe	PMID20473289	ENSG00000108592
SPAC6F12.15c	S. pombe	PMID20473289	ENSG00000130177
SPBC11B10.09	S. pombe	PMID20473289	ENSG00000170312
SPAC821.08c	S. pombe	PMID20473289	ENSG00000117399
SPAC24H6.05	S. pombe	PMID20473289	ENSG00000164045
SPAC630.03	S. pombe	PMID20473289	ENSG00000133627
SPAC24H6.05	S. pombe	PMID20473289	ENSG00000101224
SPAC25B8.02	S. pombe	PMID20473289	ENSG00000174744
SPBC4C3.05c	S. pombe	PMID20473289	ENSG00000068654
SPAC24H6.05	S. pombe	PMID20473289	ENSG00000158402
SPAC17C9.01c	S. pombe	PMID20473289	ENSG00000004897
SPAC26H5.06	S. pombe	PMID20473289	ENSG00000128513
SPBC25D12.04	S. pombe	PMID20473289	ENSG00000048392
SPBC15D4.14	S. pombe	PMID20473289	ENSG00000135801
SPCC16C4.18c	S. pombe	PMID20473289	ENSG00000162227
SPCC777.14	S. pombe	PMID20473289	ENSG00000112739
SPBC9B6.10	S. pombe	PMID20473289	ENSG00000105401
SPBC19G7.15	S. pombe	PMID20473289	ENSG00000138750
SPAC110.03	S. pombe	PMID20473289	ENSG00000070831
SPCC550.13	S. pombe	PMID20473289	ENSG00000006634
SPAC17D4.02	S. pombe	PMID20473289	ENSG00000093009
SPAC644.12	S. pombe	PMID20473289	ENSG00000096401
SPBC14C8.07c	S. pombe	PMID20473289	ENSG00000094804
SPBC776.12c	S. pombe	PMID20473289	ENSG00000097046
SPCC1840.01c	S. pombe	PMID20473289	ENSG00000108961
SPBC354.02c	S. pombe	PMID20473289	ENSG00000065665
SPBC11B10.09	S. pombe	PMID20473289	ENSG00000123374
SPBC1685.03	S. pombe	PMID20473289	ENSG00000140612
SPBC11B10.09	S. pombe	PMID20473289	ENSG00000250506
SPBC19F8.07	S. pombe	PMID20473289	ENSG00000134058
SPBC32H8.10	S. pombe	PMID20473289	ENSG00000136807
SPAC821.12	S. pombe	PMID20473289	ENSG00000112079
SPAC24B11.11c	S. pombe	PMID20473289	ENSG00000112079
SPAC24B11.11c	S. pombe	PMID20473289	ENSG00000211455
SPAC821.12	S. pombe	PMID20473289	ENSG00000211455
SPCC550.13	S. pombe	PMID20473289	ENSG00000161692
SPBC1105.06	S. pombe	PMID20473289	ENSG00000136146
SPBC119.11c	S. pombe	PMID20473289	ENSG00000113360
SPAC13G7.08c	S. pombe	PMID20473289	ENSG00000065268
SPAC23H3.02c	S. pombe	PMID20473289	ENSG00000100410
SPBC3B9.16c	S. pombe	PMID20473289	ENSG00000030066
SPBC3B9.07c	S. pombe	PMID20473289	ENSG00000105849
SPBC1347.10	S. pombe	PMID20473289	ENSG00000065328
SPAC9G1.09	S. pombe	PMID20473289	ENSG00000134602
SPBC17F3.02	S. pombe	PMID20473289	ENSG00000134602
SPAC3A12.14	S. pombe	PMID20473289	ENSG00000178372
SPCC162.07	S. pombe	PMID20473289	ENSG00000049283
SPBC354.02c	S. pombe	PMID20473289	ENSG00000058262
SPBC1703.10	S. pombe	PMID20473289	ENSG00000174903
SPAC3A12.14	S. pombe	PMID20473289	ENSG00000129007
SPBC1105.17	S. pombe	PMID20473289	ENSG00000115163
SPCC825.03c	S. pombe	PMID20473289	ENSG00000099365
SPCC1739.11c	S. pombe	PMID20473289	ENSG00000119397
SPBC12D12.01	S. pombe	PMID20473289	ENSG00000164828
SPBC428.20c	S. pombe	PMID20473289	ENSG00000126216
SPBC365.15	S. pombe	PMID20473289	ENSG00000130640
SPBC16A3.15c	S. pombe	PMID20473289	ENSG00000243910
SPCC162.07	S. pombe	PMID20473289	ENSG00000072134
SPAC3H8.10	S. pombe	PMID20473289	ENSG00000100012
SPCC290.03c	S. pombe	PMID20473289	ENSG00000155561
SPCC1682.04	S. pombe	PMID20473289	ENSG00000177143
SPCC1682.04	S. pombe	PMID20473289	ENSG00000147400
SPCC1682.04	S. pombe	PMID20473289	ENSG00000153140
SPCC1795.11	S. pombe	PMID20473289	ENSG00000152670
SPBC582.03	S. pombe	PMID20473289	ENSG00000147082
SPAC20G4.06c	S. pombe	PMID20473289	ENSG00000172757
SPAC20G4.06c	S. pombe	PMID20473289	ENSG00000165410
SPBC16A3.15c	S. pombe	PMID20473289	ENSG00000123416
SPBC1734.14c	S. pombe	PMID20473289	ENSG00000173207
SPBC557.03c	S. pombe	PMID20473289	ENSG00000180198
SPCC825.03c	S. pombe	PMID20473289	ENSG00000178750
SPBC12C2.10c	S. pombe	PMID20473289	ENSG00000169375
SPBC12C2.10c	S. pombe	PMID20473289	ENSG00000127511
SPAC23C11.16	S. pombe	PMID20473289	ENSG00000145632
SPBC1289.04c	S. pombe	PMID20473289	ENSG00000142675
SPBC1289.04c	S. pombe	PMID20473289	ENSG00000149970
SPAC13D6.05	S. pombe	PMID20473289	ENSG00000105254
SPBC21.04	S. pombe	PMID20473289	ENSG00000159479
SPBC106.09	S. pombe	PMID20473289	ENSG00000153107
SPAC19G12.01c	S. pombe	PMID20473289	ENSG00000053900
SPBC1734.14c	S. pombe	PMID20473289	ENSG00000123975
SPBC1289.07c	S. pombe	PMID20473289	ENSG00000171453
SPAC22G7.09c	S. pombe	PMID20473289	ENSG00000139496
SPAC1834.06c	S. pombe	PMID20473289	ENSG00000102547
SPAC1834.06c	S. pombe	PMID20473289	ENSG00000135932
SPBP19A11.04c	S. pombe	PMID20473289	ENSG00000073910
SPAC14C4.02c	S. pombe	PMID20473289	ENSG00000198887
SPCC5E4.06	S. pombe	PMID20473289	ENSG00000163029
SPAC25B8.02	S. pombe	PMID20473289	ENSG00000100916
SPAC3C7.11c	S. pombe	PMID20473289	ENSG00000153132
SPBC26H8.10	S. pombe	PMID20473289	ENSG00000083520
SPAC3H8.10	S. pombe	PMID20473289	ENSG00000133488
SPBC16A3.15c	S. pombe	PMID20473289	ENSG00000152086
SPBC16A3.15c	S. pombe	PMID20473289	ENSG00000167552
SPBC16A3.15c	S. pombe	PMID20473289	ENSG00000167553
SPCC16C4.08c	S. pombe	PMID20473289	ENSG00000111845
SPBC1734.02c	S. pombe	PMID20473289	ENSG00000077514
SPAC222.09	S. pombe	PMID20473289	ENSG00000213079
SPCC663.05c	S. pombe	PMID20473289	ENSG00000111875
SPCC663.05c	S. pombe	PMID20473289	ENSG00000105011
SPBC1289.04c	S. pombe	PMID20473289	ENSG00000074706
SPAC23C11.16	S. pombe	PMID20473289	ENSG00000173846
SPAC4H3.11c	S. pombe	PMID20473289	ENSG00000183137
SPBC1289.04c	S. pombe	PMID20473289	ENSG00000164483
SPAC23E2.02	S. pombe	PMID20473289	ENSG00000165097
SPCC162.07	S. pombe	PMID20473289	ENSG00000063245
SPBPJ4664.04	S. pombe	PMID20473289	ENSG00000122218
SPBC12D12.01	S. pombe	PMID20473289	ENSG00000164744
SPCC1906.01	S. pombe	PMID20473289	ENSG00000173540
SPAP8A3.06	S. pombe	PMID20473289	ENSG00000161265
SPBC1289.04c	S. pombe	PMID20473289	ENSG00000153721
SPBC8D2.20c	S. pombe	PMID20473289	ENSG00000075826
SPCC645.05c	S. pombe	PMID20473289	ENSG00000105357
SPBC839.10	S. pombe	PMID20473289	ENSG00000119707
SPBC1685.03	S. pombe	PMID20473289	ENSG00000166562
SPBC31F10.04c	S. pombe	PMID20473289	ENSG00000042429
SPBC14F5.08	S. pombe	PMID20473289	ENSG00000155868
SPBC428.13c	S. pombe	PMID20473289	ENSG00000120162
SPCC970.04c	S. pombe	PMID20473289	ENSG00000120162
SPCC1020.02	S. pombe	PMID20473289	ENSG00000137812
SPBC16A3.15c	S. pombe	PMID20473289	ENSG00000075886
SPBC1A4.01	S. pombe	PMID20473289	ENSG00000164162
SPBP23A10.08	S. pombe	PMID20473289	ENSG00000136518
SPCC188.03	S. pombe	PMID20473289	ENSG00000109805
SPBC776.13	S. pombe	PMID20473289	ENSG00000010292
SPBC30B4.05	S. pombe	PMID20473289	ENSG00000124207
SPBC3B9.21	S. pombe	PMID20473289	ENSG00000151065
SPAC1751.03	S. pombe	PMID20473289	ENSG00000149100
SPBC28E12.01c	S. pombe	PMID20473289	ENSG00000129055
SPCC4G3.07c	S. pombe	PMID20473289	ENSG00000119403
SPAC30D11.08c	S. pombe	PMID20473289	ENSG00000119403
SPAC23C11.11	S. pombe	PMID20473289	ENSG00000101266
SPBC725.13c	S. pombe	PMID20473289	ENSG00000131153
SPBC428.18	S. pombe	PMID20473289	ENSG00000167513
SPAC23C11.11	S. pombe	PMID20473289	ENSG00000070770
SPAC10F6.09c	S. pombe	PMID20473289	ENSG00000108055
SPBC409.04c	S. pombe	PMID20473289	ENSG00000167842
SPAC19B12.05c	S. pombe	PMID20473289	ENSG00000060069
SPAC3A12.11c	S. pombe	PMID20473289	ENSG00000086589
SPCC550.02c	S. pombe	PMID20473289	ENSG00000086589
SPAC17G6.12	S. pombe	PMID20473289	ENSG00000055130
SPAC1786.03	S. pombe	PMID20473289	ENSG00000058804
SPAC12G12.14c	S. pombe	PMID20473289	ENSG00000136709
SPAC26A3.03c	S. pombe	PMID20473289	ENSG00000178966
SPBC1921.02	S. pombe	PMID20473289	ENSG00000176953
SPBC20F10.04c	S. pombe	PMID20473289	ENSG00000107672
SPAC26A3.15c	S. pombe	PMID20473289	ENSG00000198088
SPCC613.07	S. pombe	PMID20473289	ENSG00000117174
SPBC887.14c	S. pombe	PMID20473289	ENSG00000140451
SPCC162.07	S. pombe	PMID20473289	ENSG00000176177
SPAC16A10.06c	S. pombe	PMID20473289	ENSG00000156831
SPBC3D6.11c	S. pombe	PMID20473289	ENSG00000138942
SPCC1795.11	S. pombe	PMID20473289	ENSG00000067048
SPBP8B7.16c	S. pombe	PMID20473289	ENSG00000100201
SPCC1795.11	S. pombe	PMID20473289	ENSG00000215301
SPBP8B7.16c	S. pombe	PMID20473289	ENSG00000108654
SPCC1235.10c	S. pombe	PMID20473289	ENSG00000179044
SPAC22H10.10	S. pombe	PMID20473289	ENSG00000154114
SPAC25B8.14	S. pombe	PMID20473289	ENSG00000138092
SPBP4H10.21c	S. pombe	PMID20473289	ENSG00000147536
SPBC32F12.06	S. pombe	PMID20473289	ENSG00000262919
SPAC24H6.06	S. pombe	PMID20473289	ENSG00000140534
SPAC1F5.04c	S. pombe	PMID20473289	ENSG00000131504
SPAC31A2.05c	S. pombe	PMID20473289	ENSG00000164190
SPCC1620.11	S. pombe	PMID20473289	ENSG00000102900
SPAC3H8.10	S. pombe	PMID20473289	ENSG00000103184
SPAC458.03	S. pombe	PMID20473289	ENSG00000100726
SPBP19A11.04c	S. pombe	PMID20473289	ENSG00000075539
SPAC1687.18c	S. pombe	PMID20473289	ENSG00000129933
SPBC16D10.04c	S. pombe	PMID20473289	ENSG00000138346
SPBC18E5.03c	S. pombe	PMID20473289	ENSG00000123219
SPCC4G3.07c	S. pombe	PMID20473289	ENSG00000143033
SPAC30D11.08c	S. pombe	PMID20473289	ENSG00000143033
SPAC25B8.02	S. pombe	PMID20473289	ENSG00000111707
SPBC428.13c	S. pombe	PMID20473289	ENSG00000142961
SPCC970.04c	S. pombe	PMID20473289	ENSG00000142961
SPCC970.04c	S. pombe	PMID20473289	ENSG00000172081
SPBC428.13c	S. pombe	PMID20473289	ENSG00000172081
SPAP8A3.08	S. pombe	PMID20473289	ENSG00000196465
SPCC550.05	S. pombe	PMID20473289	ENSG00000169189
SPCC1739.07	S. pombe	PMID20473289	ENSG00000197223
SPBC428.01c	S. pombe	PMID20473289	ENSG00000111581
SPAC31G5.16c	S. pombe	PMID20473289	ENSG00000000419
SPCC1235.08c	S. pombe	PMID20473289	ENSG00000126062
SPCC553.09c	S. pombe	PMID20473289	ENSG00000014138
SPAC17G8.03c	S. pombe	PMID20473289	ENSG00000175550
SPAC9E9.07c	S. pombe	PMID20473289	ENSG00000166128
SPAC57A7.11	S. pombe	PMID20473289	ENSG00000141564
SPAC18G6.11c	S. pombe	PMID20473289	ENSG00000085721
SPCC970.09	S. pombe	PMID20473289	ENSG00000131558
SPCC16A11.05c	S. pombe	PMID20473289	ENSG00000141759
SPCC613.04c	S. pombe	PMID20473289	ENSG00000140553
SPBC1271.02	S. pombe	PMID20473289	ENSG00000163527
SPAC4H3.11c	S. pombe	PMID20473289	ENSG00000166037
SPAC19A8.13	S. pombe	PMID20473289	ENSG00000184209
SPCC645.05c	S. pombe	PMID20473289	ENSG00000144821
SPAC4A8.15c	S. pombe	PMID20473289	ENSG00000176732
SPBC1773.07c	S. pombe	PMID20473289	ENSG00000187627
SPBC1773.07c	S. pombe	PMID20473289	ENSG00000185304
SPBC1773.07c	S. pombe	PMID20473289	ENSG00000153165
SPBC1773.07c	S. pombe	PMID20473289	ENSG00000196862
SPBC1773.07c	S. pombe	PMID20473289	ENSG00000015568
SPBC1773.07c	S. pombe	PMID20473289	ENSG00000183054
SPCC330.08	S. pombe	PMID20473289	ENSG00000253710
SPAC4D7.05	S. pombe	PMID20473289	ENSG00000084623
SPBC18H10.03	S. pombe	PMID20473289	ENSG00000130811
SPBC4C3.07	S. pombe	PMID20473289	ENSG00000175390
SPAC2C4.11c	S. pombe	PMID20473289	ENSG00000115946
SPAC16E8.15	S. pombe	PMID20473289	ENSG00000151247
SPAC1783.03	S. pombe	PMID20473289	ENSG00000188312
SPBC20F10.04c	S. pombe	PMID20473289	ENSG00000255150
SPAC17C9.03	S. pombe	PMID20473289	ENSG00000110321
SPAC16E8.15	S. pombe	PMID20473289	ENSG00000175766
SPCC825.03c	S. pombe	PMID20473289	ENSG00000111450
SPAC1D4.12	S. pombe	PMID20473289	ENSG00000104884
SPAC17A5.06	S. pombe	PMID20473289	ENSG00000163161
SPAC4G9.03	S. pombe	PMID20473289	ENSG00000004455
SPAC6F12.13c	S. pombe	PMID20473289	ENSG00000160752
SPAC630.03	S. pombe	PMID20473289	ENSG00000106526
SPBC216.07c	S. pombe	PMID20473289	ENSG00000198793
SPAC1687.20c	S. pombe	PMID20473289	ENSG00000102384
SPBC17A3.07	S. pombe	PMID20473289	ENSG00000104687
SPAC458.07	S. pombe	PMID20473289	ENSG00000153767
SPCC1672.08c	S. pombe	PMID20473289	ENSG00000197265
SPBC21H7.05	S. pombe	PMID20473289	ENSG00000115207
SPBC36.05c	S. pombe	PMID20473289	ENSG00000116478
SPBC36.05c	S. pombe	PMID20473289	ENSG00000196591
SPCC162.09c	S. pombe	PMID20473289	ENSG00000113161
SPAC4F8.14c	S. pombe	PMID20473289	ENSG00000112972
SPAC4F8.14c	S. pombe	PMID20473289	ENSG00000134240
SPBC25B2.05	S. pombe	PMID20473289	ENSG00000111615
SPAC2E12.02	S. pombe	PMID20473289	ENSG00000185122
SPAC2E12.02	S. pombe	PMID20473289	ENSG00000025156
SPAC22A12.15c	S. pombe	PMID20473289	ENSG00000044574
SPAC926.04c	S. pombe	PMID20473289	ENSG00000080824
SPAC926.04c	S. pombe	PMID20473289	ENSG00000096384
SPAC637.12c	S. pombe	PMID20473289	ENSG00000172977
SPBC1289.02c	S. pombe	PMID20473289	ENSG00000102241
SPCC962.02c	S. pombe	PMID20473289	ENSG00000110330
SPCC962.02c	S. pombe	PMID20473289	ENSG00000023445
SPBC336.15	S. pombe	PMID20473289	ENSG00000149503
SPAC4F8.13c	S. pombe	PMID20473289	ENSG00000140575
SPAC4F8.13c	S. pombe	PMID20473289	ENSG00000145703
SPBC1271.02	S. pombe	PMID20473289	ENSG00000134910
SPCC962.03c	S. pombe	PMID20473289	ENSG00000114030
SPCC962.03c	S. pombe	PMID20473289	ENSG00000196911
SPCC962.03c	S. pombe	PMID20473289	ENSG00000025800
SPAC1B1.03c	S. pombe	PMID20473289	ENSG00000108424
SPAC20G8.01	S. pombe	PMID20473289	ENSG00000105486
SPAC1F7.04	S. pombe	PMID20473289	ENSG00000067560
SPAC1F7.04	S. pombe	PMID20473289	ENSG00000143878
SPAC1F7.04	S. pombe	PMID20473289	ENSG00000155366
SPAC22F3.05c	S. pombe	PMID20473289	ENSG00000213465
SPBC4.04c	S. pombe	PMID20473289	ENSG00000073111
SPCC1682.02c	S. pombe	PMID20473289	ENSG00000112118
SPCC16A11.17	S. pombe	PMID20473289	ENSG00000104738
SPAC1B2.05	S. pombe	PMID20473289	ENSG00000100297
SPBC211.04c	S. pombe	PMID20473289	ENSG00000076003
SPBC25D12.03c	S. pombe	PMID20473289	ENSG00000166508
SPAC9E9.07c	S. pombe	PMID20473289	ENSG00000167461
SPBC14C8.06	S. pombe	PMID20473289	ENSG00000241685
SPBC14C8.06	S. pombe	PMID20473289	ENSG00000130429
SPBC14C8.14c	S. pombe	PMID20473289	ENSG00000132382
SPCC645.05c	S. pombe	PMID20473289	ENSG00000109061
SPCC645.05c	S. pombe	PMID20473289	ENSG00000133026
SPCC645.05c	S. pombe	PMID20473289	ENSG00000133392
SPCC645.05c	S. pombe	PMID20473289	ENSG00000006788
SPCC645.05c	S. pombe	PMID20473289	ENSG00000125414
SPCC645.05c	S. pombe	PMID20473289	ENSG00000109063
SPCC645.05c	S. pombe	PMID20473289	ENSG00000264424
SPCC645.05c	S. pombe	PMID20473289	ENSG00000197616
SPCC645.05c	S. pombe	PMID20473289	ENSG00000092054
SPCC645.05c	S. pombe	PMID20473289	ENSG00000133020
SPCC645.05c	S. pombe	PMID20473289	ENSG00000100345
SPAP8A3.08	S. pombe	PMID20473289	ENSG00000168530
SPAP8A3.08	S. pombe	PMID20473289	ENSG00000160808
SPAP8A3.08	S. pombe	PMID20473289	ENSG00000198336
SPAP8A3.08	S. pombe	PMID20473289	ENSG00000092841
SPCC645.04	S. pombe	PMID20473289	ENSG00000185115
SPBC12D12.08c	S. pombe	PMID20473289	ENSG00000129559
SPAC806.02c	S. pombe	PMID20473289	ENSG00000095906
SPAC23D3.06c	S. pombe	PMID20473289	ENSG00000126883
SPAC26A3.15c	S. pombe	PMID20473289	ENSG00000213024
SPAC1486.05	S. pombe	PMID20473289	ENSG00000110713
SPBC1718.06	S. pombe	PMID20473289	ENSG00000198836
SPAC56E4.04c	S. pombe	PMID20473289	ENSG00000278540
SPBC29A10.15	S. pombe	PMID20473289	ENSG00000085840
SPBC685.09	S. pombe	PMID20473289	ENSG00000115942
SPBP23A10.13	S. pombe	PMID20473289	ENSG00000115947
SPBC646.14c	S. pombe	PMID20473289	ENSG00000164815
SPAC56E4.04c	S. pombe	PMID20473289	ENSG00000076555
SPAC22E12.09c	S. pombe	PMID20473289	ENSG00000140564
SPAC22E12.09c	S. pombe	PMID20473289	ENSG00000140479
SPBC1604.14c	S. pombe	PMID20473289	ENSG00000149269
SPBC1604.14c	S. pombe	PMID20473289	ENSG00000180370
SPBC1604.14c	S. pombe	PMID20473289	ENSG00000077264
SPBC16D10.09	S. pombe	PMID20473289	ENSG00000132646
SPBC17G9.04c	S. pombe	PMID20473289	ENSG00000125450
SPAC22E12.09c	S. pombe	PMID20473289	ENSG00000175426
SPAC22E12.09c	S. pombe	PMID20473289	ENSG00000125851
SPAC22E12.09c	S. pombe	PMID20473289	ENSG00000115257
SPAC22E12.09c	S. pombe	PMID20473289	ENSG00000099139
SPAC22E12.09c	S. pombe	PMID20473289	ENSG00000160613
SPCC576.15c	S. pombe	PMID20473289	ENSG00000140992
SPAC2E1P5.04c	S. pombe	PMID20473289	ENSG00000164219
SPAC30D11.08c	S. pombe	PMID20473289	ENSG00000112511
SPCC4G3.07c	S. pombe	PMID20473289	ENSG00000112511
SPCC11E10.02c	S. pombe	PMID20473289	ENSG00000142892
SPAC19G12.14	S. pombe	PMID20473289	ENSG00000143398
SPAC19G12.14	S. pombe	PMID20473289	ENSG00000107242
SPAC19G12.14	S. pombe	PMID20473289	ENSG00000186111
SPAC23C11.16	S. pombe	PMID20473289	ENSG00000166851
SPBP22H7.07	S. pombe	PMID20473289	ENSG00000171566
SPAC1556.07	S. pombe	PMID20473289	ENSG00000100417
SPAC1556.07	S. pombe	PMID20473289	ENSG00000140650
SPAC3H5.06c	S. pombe	PMID20473289	ENSG00000101868
SPBC336.04	S. pombe	PMID20473289	ENSG00000062822
SPAC27E2.05	S. pombe	PMID20473289	ENSG00000106628
SPBC25H2.13c	S. pombe	PMID20473289	ENSG00000177084
SPBP8B7.14c	S. pombe	PMID20473289	ENSG00000100479
SPBC16A3.11	S. pombe	PMID20473289	ENSG00000170734
SPAC23G3.01	S. pombe	PMID20473289	ENSG00000047315
SPBC337.14	S. pombe	PMID20473289	ENSG00000144231
SPAC23C4.15	S. pombe	PMID20473289	ENSG00000099817
SPCC1020.04c	S. pombe	PMID20473289	ENSG00000100142
SPACUNK4.06c	S. pombe	PMID20473289	ENSG00000168002
SPBC19C2.03	S. pombe	PMID20473289	ENSG00000147669
SPAC1B3.12c	S. pombe	PMID20473289	ENSG00000177700
SPAC4A8.12c	S. pombe	PMID20473289	ENSG00000115685
SPAP8A3.09c	S. pombe	PMID20473289	ENSG00000105568
SPAP8A3.09c	S. pombe	PMID20473289	ENSG00000137713
SPBC530.12c	S. pombe	PMID20473289	ENSG00000131238
SPCC576.03c	S. pombe	PMID20473289	ENSG00000167815
SPBC3H7.01	S. pombe	PMID20473289	ENSG00000138073
SPAC6B12.10c	S. pombe	PMID20473289	ENSG00000198056
SPBC17D11.06	S. pombe	PMID20473289	ENSG00000146143
SPBC4.07c	S. pombe	PMID20473289	ENSG00000100764
SPBC23G7.12c	S. pombe	PMID20473289	ENSG00000087191
SPBP19A11.03c	S. pombe	PMID20473289	ENSG00000175166
SPBC582.07c	S. pombe	PMID20473289	ENSG00000163636
SPAC20G8.05c	S. pombe	PMID20473289	ENSG00000140368
SPAC20G8.05c	S. pombe	PMID20473289	ENSG00000152229
SPBC14C8.01c	S. pombe	PMID20473289	ENSG00000164611
SPBC14C8.01c	S. pombe	PMID20473289	ENSG00000250254
SPBC28F2.04c	S. pombe	PMID20473289	ENSG00000116752
SPBC1703.10	S. pombe	PMID20473289	ENSG00000138069
SPAC9E9.07c	S. pombe	PMID20473289	ENSG00000084733
SPAC18G6.03	S. pombe	PMID20473289	ENSG00000103769
SPAC18G6.03	S. pombe	PMID20473289	ENSG00000185236
SPAC9E9.07c	S. pombe	PMID20473289	ENSG00000143545
SPAC23C4.10	S. pombe	PMID20473289	ENSG00000167994
SPAC6F6.15	S. pombe	PMID20473289	ENSG00000144566
SPAC6F6.15	S. pombe	PMID20473289	ENSG00000111540
SPAC6F6.15	S. pombe	PMID20473289	ENSG00000108774
SPCC338.17c	S. pombe	PMID20473289	ENSG00000164754
SPBC1289.03c	S. pombe	PMID20473289	ENSG00000132341
SPBC1773.07c	S. pombe	PMID20473289	ENSG00000099901
SPBC1773.07c	S. pombe	PMID20473289	ENSG00000153201
SPBC1773.07c	S. pombe	PMID20473289	ENSG00000169629
SPAC22E12.07	S. pombe	PMID20473289	ENSG00000100401
SPCC1672.10	S. pombe	PMID20473289	ENSG00000162521
SPCC1672.10	S. pombe	PMID20473289	ENSG00000102054
SPAC6B12.11	S. pombe	PMID20473289	ENSG00000160957
SPBC23E6.07c	S. pombe	PMID20473289	ENSG00000035928
SPAC23D3.02	S. pombe	PMID20473289	ENSG00000163918
SPAC27E2.10c	S. pombe	PMID20473289	ENSG00000111445
SPAC3G9.14	S. pombe	PMID20473289	ENSG00000132005
SPAC3G9.14	S. pombe	PMID20473289	ENSG00000087903
SPAC3G9.14	S. pombe	PMID20473289	ENSG00000080298
SPAC3G9.14	S. pombe	PMID20473289	ENSG00000111783
